-- phpMyAdmin SQL Dump
-- version 5.2.1deb3
-- https://www.phpmyadmin.net/
--
-- Host: localhost:3306
-- Generation Time: Dec 15, 2025 at 08:02 AM
-- Server version: 8.0.44-0ubuntu0.24.04.1
-- PHP Version: 8.3.6

SET SQL_MODE = "NO_AUTO_VALUE_ON_ZERO";
START TRANSACTION;
SET time_zone = "+00:00";


/*!40101 SET @OLD_CHARACTER_SET_CLIENT=@@CHARACTER_SET_CLIENT */;
/*!40101 SET @OLD_CHARACTER_SET_RESULTS=@@CHARACTER_SET_RESULTS */;
/*!40101 SET @OLD_COLLATION_CONNECTION=@@COLLATION_CONNECTION */;
/*!40101 SET NAMES utf8mb4 */;

--
-- Database: `gold_tracker`
--

-- --------------------------------------------------------

--
-- Table structure for table `currencies`
--

CREATE TABLE `currencies` (
  `currency_id` int NOT NULL,
  `currency_code` varchar(10) NOT NULL
) ENGINE=InnoDB DEFAULT CHARSET=utf8mb4 COLLATE=utf8mb4_0900_ai_ci;

--
-- Dumping data for table `currencies`
--

INSERT INTO `currencies` (`currency_id`, `currency_code`) VALUES
(2, 'AUD'),
(3, 'CAD'),
(4, 'JPY'),
(1, 'USD');

-- --------------------------------------------------------

--
-- Table structure for table `gold_prices`
--

CREATE TABLE `gold_prices` (
  `gold_id` int NOT NULL,
  `currency_id` int NOT NULL,
  `ask_price` decimal(12,2) NOT NULL,
  `bid_price` decimal(12,2) NOT NULL,
  `high_price` decimal(12,2) NOT NULL,
  `low_price` decimal(12,2) NOT NULL,
  `change_value` decimal(12,2) NOT NULL,
  `change_percent` varchar(50) CHARACTER SET utf8mb4 COLLATE utf8mb4_0900_ai_ci NOT NULL,
  `timestamp_local` datetime NOT NULL,
  `timestamp_ny` varchar(50) CHARACTER SET utf8mb4 COLLATE utf8mb4_0900_ai_ci NOT NULL
) ENGINE=InnoDB DEFAULT CHARSET=utf8mb4 COLLATE=utf8mb4_0900_ai_ci;

--
-- Dumping data for table `gold_prices`
--

INSERT INTO `gold_prices` (`gold_id`, `currency_id`, `ask_price`, `bid_price`, `high_price`, `low_price`, `change_value`, `change_percent`, `timestamp_local`, `timestamp_ny`) VALUES
(1, 1, 4199.30, 4197.30, 4260.20, 4191.40, -9.90, '-0.24%', '2025-12-07 17:13:35', 'Dec 07, 2025 - 04:13 NY Time'),
(2, 2, 6323.31, 6320.29, 6415.01, 6311.41, -14.91, '-0.24%', '2025-12-07 17:13:35', 'Dec 07, 2025 - 04:13 NY Time'),
(3, 3, 5804.06, 5801.30, 5888.24, 5793.14, -13.68, '-0.24%', '2025-12-07 17:13:35', 'Dec 07, 2025 - 04:13 NY Time'),
(4, 4, 652388.55, 652077.84, 661849.76, 651161.23, -1538.03, '-0.24%', '2025-12-07 17:13:35', 'Dec 07, 2025 - 04:13 NY Time'),
(5, 1, 4199.30, 4197.30, 4260.20, 4191.40, -9.90, '-0.24%', '2025-12-07 18:36:33', 'Dec 07, 2025 - 05:36 NY Time'),
(6, 2, 6323.31, 6320.29, 6415.01, 6311.41, -14.91, '-0.24%', '2025-12-07 18:36:33', 'Dec 07, 2025 - 05:36 NY Time'),
(7, 3, 5804.06, 5801.30, 5888.24, 5793.14, -13.68, '-0.24%', '2025-12-07 18:36:33', 'Dec 07, 2025 - 05:36 NY Time'),
(8, 4, 652388.55, 652077.84, 661849.76, 651161.23, -1538.03, '-0.24%', '2025-12-07 18:36:33', 'Dec 07, 2025 - 05:36 NY Time'),
(9, 1, 4210.10, 4208.10, 4212.80, 4195.50, 10.80, '+0.26%', '2025-12-08 10:50:03', 'Dec 07, 2025 - 21:50 NY Time'),
(10, 2, 6337.67, 6334.66, 6341.74, 6315.70, 16.26, '+0.26%', '2025-12-08 10:50:03', 'Dec 07, 2025 - 21:50 NY Time'),
(11, 3, 5820.67, 5817.91, 5824.41, 5800.49, 14.93, '+0.26%', '2025-12-08 10:50:03', 'Dec 07, 2025 - 21:50 NY Time'),
(12, 4, 652620.23, 652310.21, 653038.77, 650357.04, 1674.14, '+0.26%', '2025-12-08 10:50:03', 'Dec 07, 2025 - 21:50 NY Time'),
(13, 1, 4210.70, 4208.70, 4220.00, 4195.50, 11.40, '+0.27%', '2025-12-08 18:10:03', 'Dec 08, 2025 - 05:10 NY Time'),
(14, 2, 6345.74, 6342.72, 6359.75, 6322.83, 17.18, '+0.27%', '2025-12-08 18:10:03', 'Dec 08, 2025 - 05:10 NY Time'),
(15, 3, 5821.92, 5819.16, 5834.78, 5800.91, 15.76, '+0.27%', '2025-12-08 18:10:03', 'Dec 08, 2025 - 05:10 NY Time'),
(16, 4, 654587.00, 654276.08, 656032.76, 652224.04, 1772.22, '+0.27%', '2025-12-08 18:10:03', 'Dec 08, 2025 - 05:10 NY Time'),
(17, 1, 4207.10, 4205.10, 4220.00, 4195.50, 7.80, '+0.19%', '2025-12-08 19:30:02', 'Dec 08, 2025 - 06:30 NY Time'),
(18, 2, 6342.41, 6339.40, 6361.86, 6324.93, 11.76, '+0.19%', '2025-12-08 19:30:02', 'Dec 08, 2025 - 06:30 NY Time'),
(19, 3, 5816.95, 5814.18, 5834.78, 5800.91, 10.78, '+0.19%', '2025-12-08 19:30:02', 'Dec 08, 2025 - 06:30 NY Time'),
(20, 4, 654334.47, 654023.41, 656340.82, 652530.31, 1213.14, '+0.19%', '2025-12-08 19:30:02', 'Dec 08, 2025 - 06:30 NY Time'),
(21, 1, 4210.80, 4208.80, 4220.00, 4195.50, 11.50, '+0.27%', '2025-12-08 20:25:03', 'Dec 08, 2025 - 07:25 NY Time'),
(22, 2, 6347.15, 6344.13, 6361.02, 6324.09, 17.33, '+0.27%', '2025-12-08 20:25:03', 'Dec 08, 2025 - 07:25 NY Time'),
(23, 3, 5814.48, 5811.72, 5827.19, 5793.36, 15.88, '+0.27%', '2025-12-08 20:25:03', 'Dec 08, 2025 - 07:25 NY Time'),
(24, 4, 655373.12, 655061.84, 656805.02, 652991.82, 1789.87, '+0.27%', '2025-12-08 20:25:03', 'Dec 08, 2025 - 07:25 NY Time'),
(25, 1, 4201.70, 4199.70, 4220.00, 4195.50, 2.40, '+0.06%', '2025-12-08 22:00:02', 'Dec 08, 2025 - 09:00 NY Time'),
(26, 2, 6332.59, 6329.58, 6360.17, 6323.25, 3.62, '+0.06%', '2025-12-08 22:00:02', 'Dec 08, 2025 - 09:00 NY Time'),
(27, 3, 5804.02, 5801.26, 5829.30, 5795.45, 3.32, '+0.06%', '2025-12-08 22:00:02', 'Dec 08, 2025 - 09:00 NY Time'),
(28, 4, 653986.20, 653674.91, 656834.56, 653021.18, 373.56, '+0.06%', '2025-12-08 22:00:02', 'Dec 08, 2025 - 09:00 NY Time'),
(29, 1, 4202.20, 4200.20, 4220.00, 4195.50, 2.90, '+0.07%', '2025-12-08 23:00:02', 'Dec 08, 2025 - 10:00 NY Time'),
(30, 2, 6337.97, 6334.95, 6364.81, 6327.86, 4.37, '+0.07%', '2025-12-08 23:00:02', 'Dec 08, 2025 - 10:00 NY Time'),
(31, 3, 5808.49, 5805.73, 5833.10, 5799.23, 4.01, '+0.07%', '2025-12-08 23:00:02', 'Dec 08, 2025 - 10:00 NY Time'),
(32, 4, 654799.41, 654487.76, 657573.06, 653755.40, 451.89, '+0.07%', '2025-12-08 23:00:02', 'Dec 08, 2025 - 10:00 NY Time'),
(33, 1, 4185.00, 4183.00, 4220.00, 4175.40, -14.30, '-0.34%', '2025-12-09 00:00:02', 'Dec 08, 2025 - 11:00 NY Time'),
(34, 2, 6324.58, 6321.56, 6377.47, 6310.07, -21.61, '-0.34%', '2025-12-09 00:00:02', 'Dec 08, 2025 - 11:00 NY Time'),
(35, 3, 5794.76, 5791.99, 5843.22, 5781.47, -19.80, '-0.34%', '2025-12-09 00:00:02', 'Dec 08, 2025 - 11:00 NY Time'),
(36, 4, 652353.61, 652041.86, 657809.38, 650857.18, -2229.07, '-0.34%', '2025-12-09 00:00:02', 'Dec 08, 2025 - 11:00 NY Time'),
(37, 1, 4194.80, 4192.80, 4196.60, 4188.80, 3.20, '+0.08%', '2025-12-09 08:49:32', 'Dec 08, 2025 - 19:49 NY Time'),
(38, 2, 6333.52, 6330.50, 6336.24, 6324.46, 4.83, '+0.08%', '2025-12-09 08:49:32', 'Dec 08, 2025 - 19:49 NY Time'),
(39, 3, 5810.85, 5808.08, 5813.34, 5802.54, 4.43, '+0.08%', '2025-12-09 08:49:32', 'Dec 08, 2025 - 19:49 NY Time'),
(40, 4, 653864.45, 653552.70, 654145.03, 652929.20, 498.80, '+0.08%', '2025-12-09 08:49:32', 'Dec 08, 2025 - 19:49 NY Time'),
(41, 1, 4191.90, 4189.90, 4196.60, 4188.80, 0.30, '+0.01%', '2025-12-09 09:00:03', 'Dec 08, 2025 - 20:00 NY Time'),
(42, 2, 6332.07, 6329.05, 6339.17, 6327.39, 0.45, '+0.01%', '2025-12-09 09:00:03', 'Dec 08, 2025 - 20:00 NY Time'),
(43, 3, 5808.09, 5805.32, 5814.60, 5803.79, 0.42, '+0.01%', '2025-12-09 09:00:03', 'Dec 08, 2025 - 20:00 NY Time'),
(44, 4, 653969.94, 653657.92, 654703.17, 653486.31, 46.80, '+0.01%', '2025-12-09 09:00:03', 'Dec 08, 2025 - 20:00 NY Time'),
(45, 1, 4197.40, 4195.40, 4198.10, 4188.00, 5.80, '+0.14%', '2025-12-09 10:00:03', 'Dec 08, 2025 - 21:00 NY Time'),
(46, 2, 6336.19, 6333.17, 6337.24, 6322.00, 8.76, '+0.14%', '2025-12-09 10:00:03', 'Dec 08, 2025 - 21:00 NY Time'),
(47, 3, 5814.03, 5811.26, 5815.00, 5801.01, 8.03, '+0.14%', '2025-12-09 10:00:03', 'Dec 08, 2025 - 21:00 NY Time'),
(48, 4, 653959.12, 653647.52, 654068.18, 652494.59, 903.65, '+0.14%', '2025-12-09 10:00:03', 'Dec 08, 2025 - 21:00 NY Time'),
(49, 1, 4190.70, 4188.70, 4198.10, 4185.30, -0.90, '-0.02%', '2025-12-09 11:00:03', 'Dec 08, 2025 - 22:00 NY Time'),
(50, 2, 6323.98, 6320.96, 6335.14, 6315.83, -1.36, '-0.02%', '2025-12-09 11:00:03', 'Dec 08, 2025 - 22:00 NY Time'),
(51, 3, 5805.59, 5802.82, 5815.84, 5798.11, -1.25, '-0.02%', '2025-12-09 11:00:03', 'Dec 08, 2025 - 22:00 NY Time'),
(52, 4, 653309.18, 652997.39, 654462.80, 652467.34, -140.31, '-0.02%', '2025-12-09 11:00:03', 'Dec 08, 2025 - 22:00 NY Time'),
(53, 1, 4196.20, 4194.20, 4199.90, 4185.30, 4.60, '+0.11%', '2025-12-09 12:00:02', 'Dec 08, 2025 - 23:00 NY Time'),
(54, 2, 6334.37, 6331.35, 6339.96, 6317.92, 6.94, '+0.11%', '2025-12-09 12:00:02', 'Dec 08, 2025 - 23:00 NY Time'),
(55, 3, 5811.53, 5808.76, 5816.65, 5796.43, 6.37, '+0.11%', '2025-12-09 12:00:02', 'Dec 08, 2025 - 23:00 NY Time'),
(56, 4, 653843.49, 653531.86, 654420.02, 652145.08, 716.76, '+0.11%', '2025-12-09 12:00:02', 'Dec 08, 2025 - 23:00 NY Time'),
(57, 1, 4188.80, 4186.80, 4199.90, 4183.90, -2.80, '-0.07%', '2025-12-09 13:00:02', 'Dec 09, 2025 - 00:00 NY Time'),
(58, 2, 6303.52, 6300.51, 6320.22, 6296.14, -4.21, '-0.07%', '2025-12-09 13:00:02', 'Dec 09, 2025 - 00:00 NY Time'),
(59, 3, 5800.86, 5798.09, 5816.23, 5794.07, -3.88, '-0.07%', '2025-12-09 13:00:02', 'Dec 09, 2025 - 00:00 NY Time'),
(60, 4, 653243.36, 652931.46, 654974.40, 652479.20, -436.66, '-0.07%', '2025-12-09 13:00:02', 'Dec 09, 2025 - 00:00 NY Time'),
(61, 1, 4179.80, 4177.80, 4199.90, 4178.10, -11.80, '-0.28%', '2025-12-09 14:00:04', 'Dec 09, 2025 - 01:00 NY Time'),
(62, 2, 6292.06, 6289.05, 6322.32, 6289.50, -17.76, '-0.28%', '2025-12-09 14:00:04', 'Dec 09, 2025 - 01:00 NY Time'),
(63, 3, 5790.07, 5787.30, 5817.91, 5787.71, -16.35, '-0.28%', '2025-12-09 14:00:04', 'Dec 09, 2025 - 01:00 NY Time'),
(64, 4, 651977.74, 651665.78, 655113.00, 651712.57, -1840.60, '-0.28%', '2025-12-09 14:00:04', 'Dec 09, 2025 - 01:00 NY Time'),
(65, 1, 4183.60, 4181.60, 4199.90, 4169.30, -8.00, '-0.19%', '2025-12-09 15:00:02', 'Dec 09, 2025 - 02:00 NY Time'),
(66, 2, 6299.46, 6296.44, 6324.00, 6277.92, -12.05, '-0.19%', '2025-12-09 15:00:02', 'Dec 09, 2025 - 02:00 NY Time'),
(67, 3, 5797.01, 5794.23, 5819.59, 5777.19, -11.09, '-0.19%', '2025-12-09 15:00:02', 'Dec 09, 2025 - 02:00 NY Time'),
(68, 4, 652654.15, 652342.14, 655197.00, 650423.31, -1248.02, '-0.19%', '2025-12-09 15:00:02', 'Dec 09, 2025 - 02:00 NY Time'),
(69, 1, 4183.60, 4181.60, 4199.90, 4169.30, -8.00, '-0.19%', '2025-12-09 16:00:03', 'Dec 09, 2025 - 03:00 NY Time'),
(70, 2, 6303.64, 6300.63, 6328.20, 6282.09, -12.05, '-0.19%', '2025-12-09 16:00:03', 'Dec 09, 2025 - 03:00 NY Time'),
(71, 3, 5797.84, 5795.07, 5820.43, 5778.02, -11.09, '-0.19%', '2025-12-09 16:00:03', 'Dec 09, 2025 - 03:00 NY Time'),
(72, 4, 653423.93, 653111.56, 655969.78, 651190.46, -1249.50, '-0.19%', '2025-12-09 16:00:03', 'Dec 09, 2025 - 03:00 NY Time'),
(73, 1, 4192.30, 4190.30, 4199.90, 4169.30, 0.70, '+0.02%', '2025-12-09 17:00:03', 'Dec 09, 2025 - 04:00 NY Time'),
(74, 2, 6317.59, 6314.57, 6329.04, 6282.93, 1.05, '+0.02%', '2025-12-09 17:00:03', 'Dec 09, 2025 - 04:00 NY Time'),
(75, 3, 5809.48, 5806.71, 5820.01, 5777.61, 0.97, '+0.02%', '2025-12-09 17:00:03', 'Dec 09, 2025 - 04:00 NY Time'),
(76, 4, 655361.30, 655048.65, 656549.37, 651765.82, 109.43, '+0.02%', '2025-12-09 17:00:03', 'Dec 09, 2025 - 04:00 NY Time'),
(77, 1, 4204.60, 4202.60, 4213.70, 4169.30, 13.00, '+0.31%', '2025-12-09 19:00:03', 'Dec 09, 2025 - 06:00 NY Time'),
(78, 2, 6334.44, 6331.43, 6348.15, 6281.26, 19.59, '+0.31%', '2025-12-09 19:00:03', 'Dec 09, 2025 - 06:00 NY Time'),
(79, 3, 5821.90, 5819.13, 5834.50, 5773.02, 18.00, '+0.31%', '2025-12-09 19:00:03', 'Dec 09, 2025 - 06:00 NY Time'),
(80, 4, 656384.31, 656072.09, 657804.92, 650873.59, 2029.44, '+0.31%', '2025-12-09 19:00:03', 'Dec 09, 2025 - 06:00 NY Time'),
(81, 1, 4204.20, 4202.20, 4213.70, 4169.30, 12.60, '+0.30%', '2025-12-09 20:00:04', 'Dec 09, 2025 - 07:00 NY Time'),
(82, 2, 6334.26, 6331.24, 6348.57, 6281.68, 18.98, '+0.30%', '2025-12-09 20:00:04', 'Dec 09, 2025 - 07:00 NY Time'),
(83, 3, 5821.35, 5818.58, 5834.50, 5773.02, 17.45, '+0.30%', '2025-12-09 20:00:04', 'Dec 09, 2025 - 07:00 NY Time'),
(84, 4, 656641.39, 656329.01, 658125.16, 651190.46, 1967.96, '+0.30%', '2025-12-09 20:00:04', 'Dec 09, 2025 - 07:00 NY Time'),
(85, 1, 4205.00, 4203.00, 4213.70, 4169.30, 13.40, '+0.32%', '2025-12-09 21:00:04', 'Dec 09, 2025 - 08:00 NY Time'),
(86, 2, 6335.88, 6332.87, 6348.99, 6282.09, 20.19, '+0.32%', '2025-12-09 21:00:04', 'Dec 09, 2025 - 08:00 NY Time'),
(87, 3, 5823.29, 5820.52, 5835.34, 5773.86, 18.56, '+0.32%', '2025-12-09 21:00:04', 'Dec 09, 2025 - 08:00 NY Time'),
(88, 4, 657468.57, 657155.86, 658828.85, 651886.73, 2095.14, '+0.32%', '2025-12-09 21:00:04', 'Dec 09, 2025 - 08:00 NY Time'),
(89, 1, 4203.40, 4201.40, 4213.70, 4169.30, 11.80, '+0.28%', '2025-12-09 22:00:05', 'Dec 09, 2025 - 09:00 NY Time'),
(90, 2, 6332.21, 6329.20, 6347.73, 6280.84, 17.78, '+0.28%', '2025-12-09 22:00:05', 'Dec 09, 2025 - 09:00 NY Time'),
(91, 3, 5818.56, 5815.79, 5832.81, 5771.35, 16.33, '+0.28%', '2025-12-09 22:00:05', 'Dec 09, 2025 - 09:00 NY Time'),
(92, 4, 657180.57, 656867.88, 658790.93, 651849.21, 1844.87, '+0.28%', '2025-12-09 22:00:05', 'Dec 09, 2025 - 09:00 NY Time'),
(93, 1, 4206.50, 4204.50, 4213.70, 4169.30, 14.90, '+0.36%', '2025-12-09 23:00:05', 'Dec 09, 2025 - 10:00 NY Time'),
(94, 2, 6328.89, 6325.88, 6339.72, 6272.92, 22.42, '+0.36%', '2025-12-09 23:00:05', 'Dec 09, 2025 - 10:00 NY Time'),
(95, 3, 5816.96, 5814.19, 5826.92, 5765.52, 20.60, '+0.36%', '2025-12-09 23:00:05', 'Dec 09, 2025 - 10:00 NY Time'),
(96, 4, 658005.97, 657693.12, 659132.24, 652186.92, 2330.75, '+0.36%', '2025-12-09 23:00:05', 'Dec 09, 2025 - 10:00 NY Time'),
(97, 1, 4212.80, 4210.80, 4213.70, 4169.30, 21.20, '+0.51%', '2025-12-10 00:00:05', 'Dec 09, 2025 - 11:00 NY Time'),
(98, 2, 6341.32, 6338.31, 6342.67, 6275.84, 31.91, '+0.51%', '2025-12-10 00:00:05', 'Dec 09, 2025 - 11:00 NY Time'),
(99, 3, 5831.57, 5828.80, 5832.81, 5771.35, 29.35, '+0.51%', '2025-12-10 00:00:05', 'Dec 09, 2025 - 11:00 NY Time'),
(100, 4, 660996.75, 660682.94, 661137.96, 654171.51, 3326.32, '+0.51%', '2025-12-10 00:00:05', 'Dec 09, 2025 - 11:00 NY Time'),
(101, 1, 4218.20, 4216.20, 4219.70, 4206.10, 9.00, '+0.21%', '2025-12-10 11:00:01', 'Dec 09, 2025 - 22:00 NY Time'),
(102, 2, 6357.04, 6354.02, 6359.30, 6338.80, 13.56, '+0.21%', '2025-12-10 11:00:01', 'Dec 09, 2025 - 22:00 NY Time'),
(103, 3, 5845.79, 5843.02, 5847.87, 5829.02, 12.47, '+0.21%', '2025-12-10 11:00:01', 'Dec 09, 2025 - 22:00 NY Time'),
(104, 4, 660835.87, 660522.54, 661070.86, 658940.24, 1409.97, '+0.21%', '2025-12-10 11:00:01', 'Dec 09, 2025 - 22:00 NY Time'),
(105, 1, 4206.30, 4204.30, 4219.70, 4203.00, -2.90, '-0.07%', '2025-12-10 12:00:01', 'Dec 09, 2025 - 23:00 NY Time'),
(106, 2, 6337.84, 6334.83, 6358.03, 6332.87, -4.37, '-0.07%', '2025-12-10 12:00:01', 'Dec 09, 2025 - 23:00 NY Time'),
(107, 3, 5828.88, 5826.11, 5847.45, 5824.31, -4.02, '-0.07%', '2025-12-10 12:00:01', 'Dec 09, 2025 - 23:00 NY Time'),
(108, 4, 658643.49, 658330.32, 660741.72, 658126.76, -454.10, '-0.07%', '2025-12-10 12:00:01', 'Dec 09, 2025 - 23:00 NY Time'),
(109, 1, 4208.20, 4206.20, 4219.70, 4203.00, -1.00, '-0.02%', '2025-12-10 13:00:04', 'Dec 10, 2025 - 00:00 NY Time'),
(110, 2, 6338.18, 6335.17, 6355.50, 6330.35, -1.51, '-0.02%', '2025-12-10 13:00:04', 'Dec 10, 2025 - 00:00 NY Time'),
(111, 3, 5831.51, 5828.74, 5847.45, 5824.31, -1.39, '-0.02%', '2025-12-10 13:00:04', 'Dec 10, 2025 - 00:00 NY Time'),
(112, 4, 659075.66, 658762.43, 660876.75, 658261.25, -156.62, '-0.02%', '2025-12-10 13:00:04', 'Dec 10, 2025 - 00:00 NY Time'),
(113, 1, 4213.20, 4211.20, 4219.70, 4201.00, 4.00, '+0.10%', '2025-12-10 14:00:03', 'Dec 10, 2025 - 01:00 NY Time'),
(114, 2, 6343.60, 6340.59, 6353.39, 6325.24, 6.02, '+0.10%', '2025-12-10 14:00:03', 'Dec 10, 2025 - 01:00 NY Time'),
(115, 3, 5838.02, 5835.25, 5847.03, 5821.12, 5.54, '+0.10%', '2025-12-10 14:00:03', 'Dec 10, 2025 - 01:00 NY Time'),
(116, 4, 660263.21, 659949.79, 661281.85, 658351.31, 626.85, '+0.10%', '2025-12-10 14:00:03', 'Dec 10, 2025 - 01:00 NY Time'),
(117, 1, 4208.30, 4206.30, 4219.70, 4201.00, -0.90, '-0.02%', '2025-12-10 15:00:02', 'Dec 10, 2025 - 02:00 NY Time'),
(118, 2, 6331.60, 6328.59, 6348.75, 6320.61, -1.35, '-0.02%', '2025-12-10 15:00:02', 'Dec 10, 2025 - 02:00 NY Time'),
(119, 3, 5829.13, 5826.36, 5844.92, 5819.02, -1.25, '-0.02%', '2025-12-10 15:00:02', 'Dec 10, 2025 - 02:00 NY Time'),
(120, 4, 659352.24, 659038.88, 661138.38, 658208.48, -141.01, '-0.02%', '2025-12-10 15:00:02', 'Dec 10, 2025 - 02:00 NY Time'),
(121, 1, 4206.00, 4204.00, 4219.70, 4201.00, -3.20, '-0.08%', '2025-12-10 16:00:02', 'Dec 10, 2025 - 03:00 NY Time'),
(122, 2, 6328.14, 6325.13, 6348.75, 6320.61, -4.81, '-0.08%', '2025-12-10 16:00:02', 'Dec 10, 2025 - 03:00 NY Time'),
(123, 3, 5828.04, 5825.27, 5847.03, 5821.12, -4.43, '-0.08%', '2025-12-10 16:00:02', 'Dec 10, 2025 - 03:00 NY Time'),
(124, 4, 658903.55, 658590.23, 661049.76, 658120.26, -501.31, '-0.08%', '2025-12-10 16:00:02', 'Dec 10, 2025 - 03:00 NY Time'),
(125, 1, 4199.80, 4197.80, 4219.70, 4196.60, -9.40, '-0.22%', '2025-12-10 17:00:04', 'Dec 10, 2025 - 04:00 NY Time'),
(126, 2, 6312.93, 6309.92, 6342.84, 6308.12, -14.13, '-0.22%', '2025-12-10 17:00:04', 'Dec 10, 2025 - 04:00 NY Time'),
(127, 3, 5816.93, 5814.16, 5844.50, 5812.50, -13.02, '-0.22%', '2025-12-10 17:00:04', 'Dec 10, 2025 - 04:00 NY Time'),
(128, 4, 657915.47, 657602.16, 661032.88, 657414.18, -1472.55, '-0.22%', '2025-12-10 17:00:04', 'Dec 10, 2025 - 04:00 NY Time'),
(129, 1, 4194.70, 4192.70, 4219.70, 4191.80, -14.50, '-0.34%', '2025-12-10 18:00:04', 'Dec 10, 2025 - 05:00 NY Time'),
(130, 2, 6309.88, 6306.87, 6347.48, 6305.52, -21.81, '-0.34%', '2025-12-10 18:00:04', 'Dec 10, 2025 - 05:00 NY Time'),
(131, 3, 5812.81, 5810.03, 5847.45, 5808.79, -20.09, '-0.34%', '2025-12-10 18:00:04', 'Dec 10, 2025 - 05:00 NY Time'),
(132, 4, 657921.92, 657608.22, 661843.07, 657467.06, -2274.27, '-0.34%', '2025-12-10 18:00:04', 'Dec 10, 2025 - 05:00 NY Time'),
(133, 1, 4195.00, 4193.00, 4219.70, 4187.10, -14.20, '-0.34%', '2025-12-10 19:00:02', 'Dec 10, 2025 - 06:00 NY Time'),
(134, 2, 6312.01, 6309.00, 6349.17, 6300.12, -21.37, '-0.34%', '2025-12-10 19:00:02', 'Dec 10, 2025 - 06:00 NY Time'),
(135, 3, 5812.80, 5810.03, 5847.03, 5801.86, -19.68, '-0.34%', '2025-12-10 19:00:02', 'Dec 10, 2025 - 06:00 NY Time'),
(136, 4, 657629.17, 657315.64, 661501.27, 656390.73, -2226.06, '-0.34%', '2025-12-10 19:00:02', 'Dec 10, 2025 - 06:00 NY Time'),
(137, 1, 4197.60, 4195.60, 4219.70, 4187.10, -11.60, '-0.28%', '2025-12-10 20:00:02', 'Dec 10, 2025 - 07:00 NY Time'),
(138, 2, 6315.50, 6312.49, 6348.75, 6299.70, -17.45, '-0.28%', '2025-12-10 20:00:02', 'Dec 10, 2025 - 07:00 NY Time'),
(139, 3, 5813.68, 5810.91, 5844.28, 5799.13, -16.07, '-0.28%', '2025-12-10 20:00:02', 'Dec 10, 2025 - 07:00 NY Time'),
(140, 4, 657839.48, 657526.04, 661302.94, 656193.94, -1817.93, '-0.28%', '2025-12-10 20:00:02', 'Dec 10, 2025 - 07:00 NY Time'),
(141, 1, 4196.90, 4194.90, 4219.70, 4187.10, -12.30, '-0.29%', '2025-12-10 21:00:02', 'Dec 10, 2025 - 08:00 NY Time'),
(142, 2, 6315.29, 6312.28, 6349.59, 6300.54, -18.51, '-0.29%', '2025-12-10 21:00:02', 'Dec 10, 2025 - 08:00 NY Time'),
(143, 3, 5809.98, 5807.21, 5841.54, 5796.41, -17.03, '-0.29%', '2025-12-10 21:00:02', 'Dec 10, 2025 - 08:00 NY Time'),
(144, 4, 657675.21, 657361.80, 661248.09, 656139.51, -1927.47, '-0.29%', '2025-12-10 21:00:02', 'Dec 10, 2025 - 08:00 NY Time'),
(145, 1, 4203.40, 4201.40, 4219.70, 4187.10, -5.80, '-0.14%', '2025-12-10 22:00:03', 'Dec 10, 2025 - 09:00 NY Time'),
(146, 2, 6328.85, 6325.84, 6353.39, 6304.31, -8.73, '-0.14%', '2025-12-10 22:00:03', 'Dec 10, 2025 - 09:00 NY Time'),
(147, 3, 5820.24, 5817.47, 5842.81, 5797.67, -8.03, '-0.14%', '2025-12-10 22:00:03', 'Dec 10, 2025 - 09:00 NY Time'),
(148, 4, 658096.91, 657783.79, 660648.89, 655544.94, -908.07, '-0.14%', '2025-12-10 22:00:03', 'Dec 10, 2025 - 09:00 NY Time'),
(149, 1, 4195.60, 4193.60, 4219.70, 4187.10, -13.60, '-0.32%', '2025-12-10 23:00:03', 'Dec 10, 2025 - 10:00 NY Time'),
(150, 2, 6320.88, 6317.87, 6357.19, 6308.08, -20.49, '-0.32%', '2025-12-10 23:00:03', 'Dec 10, 2025 - 10:00 NY Time'),
(151, 3, 5816.57, 5813.80, 5849.98, 5804.79, -18.85, '-0.32%', '2025-12-10 23:00:03', 'Dec 10, 2025 - 10:00 NY Time'),
(152, 4, 656535.88, 656222.92, 660307.10, 655205.78, -2128.16, '-0.32%', '2025-12-10 23:00:03', 'Dec 10, 2025 - 10:00 NY Time'),
(153, 1, 4193.90, 4191.90, 4219.70, 4187.10, -15.30, '-0.36%', '2025-12-11 00:00:03', 'Dec 10, 2025 - 11:00 NY Time'),
(154, 2, 6320.42, 6317.40, 6359.30, 6310.17, -23.06, '-0.36%', '2025-12-11 00:00:03', 'Dec 10, 2025 - 11:00 NY Time'),
(155, 3, 5810.44, 5807.67, 5846.18, 5801.02, -21.20, '-0.36%', '2025-12-11 00:00:03', 'Dec 10, 2025 - 11:00 NY Time'),
(156, 4, 656265.67, 655952.70, 660302.88, 655201.60, -2394.16, '-0.36%', '2025-12-11 00:00:03', 'Dec 10, 2025 - 11:00 NY Time'),
(157, 1, 4204.50, 4202.50, 4219.70, 4187.10, -4.70, '-0.11%', '2025-12-11 01:00:04', 'Dec 10, 2025 - 12:00 NY Time'),
(158, 2, 6332.19, 6329.18, 6355.08, 6305.98, -7.08, '-0.11%', '2025-12-11 01:00:04', 'Dec 10, 2025 - 12:00 NY Time'),
(159, 3, 5818.40, 5815.63, 5839.43, 5794.32, -6.50, '-0.11%', '2025-12-11 01:00:04', 'Dec 10, 2025 - 12:00 NY Time'),
(160, 4, 657394.60, 657081.89, 659771.19, 654674.02, -734.87, '-0.11%', '2025-12-11 01:00:04', 'Dec 10, 2025 - 12:00 NY Time'),
(161, 1, 4200.90, 4198.90, 4219.70, 4187.10, -8.30, '-0.20%', '2025-12-11 02:00:04', 'Dec 10, 2025 - 13:00 NY Time'),
(162, 2, 6324.24, 6321.23, 6352.55, 6303.47, -12.50, '-0.20%', '2025-12-11 02:00:04', 'Dec 10, 2025 - 13:00 NY Time'),
(163, 3, 5812.16, 5809.39, 5838.17, 5793.06, -11.48, '-0.20%', '2025-12-11 02:00:04', 'Dec 10, 2025 - 13:00 NY Time'),
(164, 4, 656646.88, 656334.26, 659585.53, 654489.79, -1297.38, '-0.20%', '2025-12-11 02:00:04', 'Dec 10, 2025 - 13:00 NY Time'),
(165, 1, 4195.50, 4193.50, 4219.70, 4187.10, -13.70, '-0.33%', '2025-12-11 03:00:04', 'Dec 10, 2025 - 14:00 NY Time'),
(166, 2, 6318.42, 6315.41, 6354.87, 6305.77, -20.63, '-0.33%', '2025-12-11 03:00:04', 'Dec 10, 2025 - 14:00 NY Time'),
(167, 3, 5805.52, 5802.76, 5839.01, 5793.90, -18.96, '-0.33%', '2025-12-11 03:00:04', 'Dec 10, 2025 - 14:00 NY Time'),
(168, 4, 656306.26, 655993.40, 660091.89, 654992.24, -2143.10, '-0.33%', '2025-12-11 03:00:04', 'Dec 10, 2025 - 14:00 NY Time'),
(169, 1, 4213.40, 4211.40, 4219.70, 4181.30, 4.20, '+0.10%', '2025-12-11 04:00:05', 'Dec 10, 2025 - 15:00 NY Time'),
(170, 2, 6320.31, 6317.31, 6329.76, 6272.16, 6.30, '+0.10%', '2025-12-11 04:00:05', 'Dec 10, 2025 - 15:00 NY Time'),
(171, 3, 5819.34, 5816.58, 5828.04, 5775.00, 5.80, '+0.10%', '2025-12-11 04:00:05', 'Dec 10, 2025 - 15:00 NY Time'),
(172, 4, 658213.13, 657900.70, 659197.31, 653198.50, 656.12, '+0.10%', '2025-12-11 04:00:05', 'Dec 10, 2025 - 15:00 NY Time'),
(173, 1, 4233.00, 4231.00, 4239.60, 4181.30, 23.80, '+0.57%', '2025-12-11 05:00:03', 'Dec 10, 2025 - 16:00 NY Time'),
(174, 2, 6338.71, 6335.71, 6348.59, 6261.29, 35.64, '+0.57%', '2025-12-11 05:00:03', 'Dec 10, 2025 - 16:00 NY Time'),
(175, 3, 5840.91, 5838.15, 5850.01, 5769.57, 32.84, '+0.57%', '2025-12-11 05:00:03', 'Dec 10, 2025 - 16:00 NY Time'),
(176, 4, 660013.59, 659701.75, 661042.67, 651952.48, 3710.92, '+0.57%', '2025-12-11 05:00:03', 'Dec 10, 2025 - 16:00 NY Time'),
(177, 1, 4229.50, 4227.50, 4239.60, 4181.30, 20.30, '+0.48%', '2025-12-11 06:00:05', 'Dec 10, 2025 - 17:00 NY Time'),
(178, 2, 6336.43, 6333.43, 6351.56, 6264.21, 30.41, '+0.48%', '2025-12-11 06:00:05', 'Dec 10, 2025 - 17:00 NY Time'),
(179, 3, 5834.81, 5832.05, 5848.74, 5768.31, 28.00, '+0.48%', '2025-12-11 06:00:05', 'Dec 10, 2025 - 17:00 NY Time'),
(180, 4, 660072.69, 659760.56, 661648.93, 652550.40, 3168.10, '+0.48%', '2025-12-11 06:00:05', 'Dec 10, 2025 - 17:00 NY Time'),
(181, 1, 4229.50, 4227.50, 4239.60, 4181.30, 20.30, '+0.48%', '2025-12-11 07:00:04', 'Dec 10, 2025 - 18:00 NY Time'),
(182, 2, 6335.58, 6332.58, 6350.71, 6263.38, 30.41, '+0.48%', '2025-12-11 07:00:04', 'Dec 10, 2025 - 18:00 NY Time'),
(183, 3, 5834.81, 5832.05, 5848.74, 5768.31, 28.00, '+0.48%', '2025-12-11 07:00:04', 'Dec 10, 2025 - 18:00 NY Time'),
(184, 4, 659878.13, 659566.10, 661453.91, 652358.06, 3167.17, '+0.48%', '2025-12-11 07:00:04', 'Dec 10, 2025 - 18:00 NY Time'),
(185, 1, 4233.50, 4231.50, 4235.20, 4223.30, 4.00, '+0.09%', '2025-12-11 08:00:04', 'Dec 10, 2025 - 19:00 NY Time'),
(186, 2, 6344.53, 6341.54, 6347.08, 6329.25, 5.99, '+0.09%', '2025-12-11 08:00:04', 'Dec 10, 2025 - 19:00 NY Time'),
(187, 3, 5839.05, 5836.30, 5841.40, 5824.99, 5.52, '+0.09%', '2025-12-11 08:00:04', 'Dec 10, 2025 - 19:00 NY Time'),
(188, 4, 659490.40, 659178.84, 659755.22, 657901.45, 623.12, '+0.09%', '2025-12-11 08:00:04', 'Dec 10, 2025 - 19:00 NY Time'),
(189, 1, 4238.60, 4236.60, 4246.10, 4223.30, 9.10, '+0.22%', '2025-12-11 09:00:05', 'Dec 10, 2025 - 20:00 NY Time'),
(190, 2, 6363.20, 6360.20, 6374.46, 6340.23, 13.66, '+0.22%', '2025-12-11 09:00:05', 'Dec 10, 2025 - 20:00 NY Time'),
(191, 3, 5849.48, 5846.72, 5859.83, 5828.37, 12.56, '+0.22%', '2025-12-11 09:00:05', 'Dec 10, 2025 - 20:00 NY Time'),
(192, 4, 660530.71, 660219.03, 661699.49, 658146.40, 1418.12, '+0.22%', '2025-12-11 09:00:05', 'Dec 10, 2025 - 20:00 NY Time'),
(193, 1, 4239.70, 4237.70, 4248.70, 4223.30, 10.20, '+0.24%', '2025-12-11 10:00:05', 'Dec 10, 2025 - 21:00 NY Time'),
(194, 2, 6358.91, 6355.91, 6372.41, 6334.32, 15.30, '+0.24%', '2025-12-11 10:00:05', 'Dec 10, 2025 - 21:00 NY Time'),
(195, 3, 5850.15, 5847.39, 5862.57, 5827.52, 14.07, '+0.24%', '2025-12-11 10:00:05', 'Dec 10, 2025 - 21:00 NY Time'),
(196, 4, 660278.16, 659966.68, 661679.79, 657724.07, 1588.52, '+0.24%', '2025-12-11 10:00:05', 'Dec 10, 2025 - 21:00 NY Time'),
(197, 1, 4225.70, 4223.70, 4248.70, 4219.70, -3.80, '-0.09%', '2025-12-11 11:00:06', 'Dec 10, 2025 - 22:00 NY Time'),
(198, 2, 6354.40, 6351.39, 6388.98, 6345.37, -5.71, '-0.09%', '2025-12-11 11:00:06', 'Dec 10, 2025 - 22:00 NY Time'),
(199, 3, 5835.48, 5832.72, 5867.24, 5827.19, -5.25, '-0.09%', '2025-12-11 11:00:06', 'Dec 10, 2025 - 22:00 NY Time'),
(200, 4, 658254.19, 657942.64, 661836.99, 657319.55, -591.94, '-0.09%', '2025-12-11 11:00:06', 'Dec 10, 2025 - 22:00 NY Time'),
(201, 1, 4217.70, 4215.70, 4248.70, 4209.20, -11.80, '-0.28%', '2025-12-11 12:00:05', 'Dec 10, 2025 - 23:00 NY Time'),
(202, 2, 6352.49, 6349.48, 6399.18, 6339.69, -17.77, '-0.28%', '2025-12-11 12:00:05', 'Dec 10, 2025 - 23:00 NY Time'),
(203, 3, 5826.96, 5824.20, 5869.79, 5815.22, -16.30, '-0.28%', '2025-12-11 12:00:05', 'Dec 10, 2025 - 23:00 NY Time'),
(204, 4, 656641.06, 656329.69, 661467.36, 655317.72, -1837.11, '-0.28%', '2025-12-11 12:00:05', 'Dec 10, 2025 - 23:00 NY Time'),
(205, 1, 4215.40, 4213.40, 4248.70, 4207.80, -14.10, '-0.33%', '2025-12-11 13:00:10', 'Dec 11, 2025 - 00:00 NY Time'),
(206, 2, 6351.13, 6348.12, 6401.30, 6339.68, -21.24, '-0.33%', '2025-12-11 13:00:10', 'Dec 11, 2025 - 00:00 NY Time'),
(207, 3, 5824.63, 5821.87, 5870.64, 5814.13, -19.48, '-0.33%', '2025-12-11 13:00:10', 'Dec 11, 2025 - 00:00 NY Time'),
(208, 4, 656868.92, 656557.27, 662057.93, 655684.64, -2197.15, '-0.33%', '2025-12-11 13:00:10', 'Dec 11, 2025 - 00:00 NY Time'),
(209, 1, 4210.00, 4208.00, 4248.70, 4205.40, -19.50, '-0.46%', '2025-12-11 14:00:02', 'Dec 11, 2025 - 01:00 NY Time'),
(210, 2, 6345.94, 6342.93, 6404.28, 6339.01, -29.39, '-0.46%', '2025-12-11 14:00:02', 'Dec 11, 2025 - 01:00 NY Time'),
(211, 3, 5815.90, 5813.14, 5869.37, 5809.55, -26.94, '-0.46%', '2025-12-11 14:00:02', 'Dec 11, 2025 - 01:00 NY Time'),
(212, 4, 657016.81, 656704.69, 663056.37, 656298.93, -3043.19, '-0.46%', '2025-12-11 14:00:02', 'Dec 11, 2025 - 01:00 NY Time'),
(213, 1, 4214.10, 4212.10, 4248.70, 4203.70, -15.40, '-0.36%', '2025-12-11 15:00:02', 'Dec 11, 2025 - 02:00 NY Time'),
(214, 2, 6351.70, 6348.69, 6403.85, 6336.03, -23.21, '-0.36%', '2025-12-11 15:00:02', 'Dec 11, 2025 - 02:00 NY Time'),
(215, 3, 5824.10, 5821.33, 5871.92, 5809.72, -21.28, '-0.36%', '2025-12-11 15:00:02', 'Dec 11, 2025 - 02:00 NY Time'),
(216, 4, 657256.32, 656944.39, 662652.74, 655634.27, -2401.88, '-0.36%', '2025-12-11 15:00:02', 'Dec 11, 2025 - 02:00 NY Time'),
(217, 1, 4217.30, 4215.30, 4248.70, 4203.70, -12.20, '-0.29%', '2025-12-11 16:00:02', 'Dec 11, 2025 - 03:00 NY Time'),
(218, 2, 6349.78, 6346.77, 6397.06, 6329.30, -18.37, '-0.29%', '2025-12-11 16:00:02', 'Dec 11, 2025 - 03:00 NY Time'),
(219, 3, 5830.21, 5827.44, 5873.62, 5811.41, -16.87, '-0.29%', '2025-12-11 16:00:02', 'Dec 11, 2025 - 03:00 NY Time'),
(220, 4, 657970.49, 657658.46, 662869.43, 655848.66, -1903.41, '-0.29%', '2025-12-11 16:00:02', 'Dec 11, 2025 - 03:00 NY Time'),
(221, 1, 4217.60, 4215.60, 4248.70, 4203.70, -11.90, '-0.28%', '2025-12-11 17:00:03', 'Dec 11, 2025 - 04:00 NY Time'),
(222, 2, 6346.86, 6343.85, 6393.66, 6325.94, -17.91, '-0.28%', '2025-12-11 17:00:03', 'Dec 11, 2025 - 04:00 NY Time'),
(223, 3, 5824.51, 5821.74, 5867.45, 5805.31, -16.43, '-0.28%', '2025-12-11 17:00:03', 'Dec 11, 2025 - 04:00 NY Time'),
(224, 4, 657409.96, 657098.22, 662257.62, 655243.33, -1854.89, '-0.28%', '2025-12-11 17:00:03', 'Dec 11, 2025 - 04:00 NY Time'),
(225, 1, 4219.90, 4217.90, 4248.70, 4203.70, -9.60, '-0.23%', '2025-12-11 18:00:03', 'Dec 11, 2025 - 05:00 NY Time'),
(226, 2, 6345.25, 6342.25, 6388.56, 6320.89, -14.44, '-0.23%', '2025-12-11 18:00:03', 'Dec 11, 2025 - 05:00 NY Time'),
(227, 3, 5828.10, 5825.34, 5867.88, 5805.73, -13.26, '-0.23%', '2025-12-11 18:00:03', 'Dec 11, 2025 - 05:00 NY Time'),
(228, 4, 657798.01, 657486.25, 662287.36, 655272.76, -1496.45, '-0.23%', '2025-12-11 18:00:03', 'Dec 11, 2025 - 05:00 NY Time'),
(229, 1, 4218.80, 4216.80, 4248.70, 4203.70, -10.70, '-0.25%', '2025-12-11 19:00:03', 'Dec 11, 2025 - 06:00 NY Time'),
(230, 2, 6340.65, 6337.64, 6385.58, 6317.95, -16.08, '-0.25%', '2025-12-11 19:00:03', 'Dec 11, 2025 - 06:00 NY Time'),
(231, 3, 5825.11, 5822.35, 5866.39, 5804.26, -14.77, '-0.25%', '2025-12-11 19:00:03', 'Dec 11, 2025 - 06:00 NY Time'),
(232, 4, 657575.92, 657264.18, 662236.37, 655222.31, -1667.79, '-0.25%', '2025-12-11 19:00:03', 'Dec 11, 2025 - 06:00 NY Time'),
(233, 1, 4212.50, 4210.50, 4248.70, 4203.70, -17.00, '-0.40%', '2025-12-11 20:00:02', 'Dec 11, 2025 - 07:00 NY Time'),
(234, 2, 6328.65, 6325.64, 6383.03, 6315.43, -25.54, '-0.40%', '2025-12-11 20:00:02', 'Dec 11, 2025 - 07:00 NY Time'),
(235, 3, 5812.62, 5809.86, 5862.57, 5800.48, -23.46, '-0.40%', '2025-12-11 20:00:02', 'Dec 11, 2025 - 07:00 NY Time'),
(236, 4, 656315.92, 656004.32, 661955.96, 654944.87, -2648.63, '-0.40%', '2025-12-11 20:00:02', 'Dec 11, 2025 - 07:00 NY Time'),
(237, 1, 4220.90, 4218.90, 4248.70, 4203.70, -8.60, '-0.20%', '2025-12-11 21:00:03', 'Dec 11, 2025 - 08:00 NY Time'),
(238, 2, 6342.54, 6339.53, 6384.31, 6316.69, -12.92, '-0.20%', '2025-12-11 21:00:03', 'Dec 11, 2025 - 08:00 NY Time'),
(239, 3, 5825.05, 5822.29, 5863.42, 5801.32, -11.87, '-0.20%', '2025-12-11 21:00:03', 'Dec 11, 2025 - 08:00 NY Time'),
(240, 4, 656856.46, 656545.22, 661182.69, 654179.79, -1338.33, '-0.20%', '2025-12-11 21:00:03', 'Dec 11, 2025 - 08:00 NY Time'),
(241, 1, 4221.60, 4219.60, 4248.70, 4203.70, -7.90, '-0.19%', '2025-12-11 22:00:03', 'Dec 11, 2025 - 09:00 NY Time'),
(242, 2, 6335.99, 6332.99, 6376.66, 6309.12, -11.86, '-0.19%', '2025-12-11 22:00:03', 'Dec 11, 2025 - 09:00 NY Time'),
(243, 3, 5820.53, 5817.77, 5857.90, 5795.85, -10.89, '-0.19%', '2025-12-11 22:00:03', 'Dec 11, 2025 - 09:00 NY Time'),
(244, 4, 655500.50, 655189.95, 659708.40, 652721.11, -1226.66, '-0.19%', '2025-12-11 22:00:03', 'Dec 11, 2025 - 09:00 NY Time'),
(245, 1, 4232.30, 4230.30, 4248.70, 4203.70, 2.80, '+0.07%', '2025-12-11 23:00:02', 'Dec 11, 2025 - 10:00 NY Time'),
(246, 2, 6353.74, 6350.74, 6378.36, 6310.80, 4.20, '+0.07%', '2025-12-11 23:00:02', 'Dec 11, 2025 - 10:00 NY Time'),
(247, 3, 5830.63, 5827.87, 5853.22, 5791.23, 3.86, '+0.07%', '2025-12-11 23:00:02', 'Dec 11, 2025 - 10:00 NY Time'),
(248, 4, 655862.60, 655552.67, 658404.04, 651430.57, 433.90, '+0.07%', '2025-12-11 23:00:02', 'Dec 11, 2025 - 10:00 NY Time'),
(249, 1, 4254.00, 4252.00, 4262.40, 4203.70, 24.50, '+0.58%', '2025-12-12 00:00:04', 'Dec 11, 2025 - 11:00 NY Time'),
(250, 2, 6377.81, 6374.81, 6390.40, 6302.40, 36.73, '+0.58%', '2025-12-12 00:00:04', 'Dec 11, 2025 - 11:00 NY Time'),
(251, 3, 5854.57, 5851.82, 5866.13, 5785.34, 33.72, '+0.58%', '2025-12-12 00:00:04', 'Dec 11, 2025 - 11:00 NY Time'),
(252, 4, 660029.37, 659719.06, 661332.67, 652225.07, 3801.30, '+0.58%', '2025-12-12 00:00:04', 'Dec 11, 2025 - 11:00 NY Time'),
(253, 1, 4273.50, 4271.50, 4279.90, 4203.70, 44.00, '+1.04%', '2025-12-12 01:00:03', 'Dec 11, 2025 - 12:00 NY Time'),
(254, 2, 6408.33, 6405.33, 6417.92, 6303.66, 65.98, '+1.04%', '2025-12-12 01:00:03', 'Dec 11, 2025 - 12:00 NY Time'),
(255, 3, 5885.25, 5882.50, 5894.06, 5789.13, 60.59, '+1.04%', '2025-12-12 01:00:03', 'Dec 11, 2025 - 12:00 NY Time'),
(256, 4, 663123.27, 662812.93, 664116.36, 652292.33, 6827.52, '+1.04%', '2025-12-12 01:00:03', 'Dec 11, 2025 - 12:00 NY Time'),
(257, 1, 4279.00, 4277.00, 4282.70, 4203.70, 49.50, '+1.17%', '2025-12-12 02:00:02', 'Dec 11, 2025 - 13:00 NY Time'),
(258, 2, 6417.00, 6414.00, 6422.55, 6304.08, 74.23, '+1.17%', '2025-12-12 02:00:02', 'Dec 11, 2025 - 13:00 NY Time'),
(259, 3, 5894.54, 5891.78, 5899.63, 5790.81, 68.19, '+1.17%', '2025-12-12 02:00:02', 'Dec 11, 2025 - 13:00 NY Time'),
(260, 4, 664271.96, 663961.48, 664846.35, 652582.39, 7684.38, '+1.17%', '2025-12-12 02:00:02', 'Dec 11, 2025 - 13:00 NY Time'),
(261, 1, 4272.40, 4270.40, 4286.90, 4203.70, 42.90, '+1.01%', '2025-12-12 03:00:04', 'Dec 11, 2025 - 14:00 NY Time'),
(262, 2, 6405.82, 6402.82, 6427.56, 6302.82, 64.32, '+1.01%', '2025-12-12 03:00:04', 'Dec 11, 2025 - 14:00 NY Time'),
(263, 3, 5884.16, 5881.41, 5904.13, 5789.55, 59.08, '+1.01%', '2025-12-12 03:00:04', 'Dec 11, 2025 - 14:00 NY Time'),
(264, 4, 663785.70, 663474.97, 666038.51, 653112.05, 6665.20, '+1.01%', '2025-12-12 03:00:04', 'Dec 11, 2025 - 14:00 NY Time'),
(265, 1, 4275.00, 4273.00, 4286.90, 4203.70, 45.50, '+1.08%', '2025-12-12 04:00:02', 'Dec 11, 2025 - 15:00 NY Time'),
(266, 2, 6414.00, 6411.00, 6431.85, 6307.02, 68.27, '+1.08%', '2025-12-12 04:00:02', 'Dec 11, 2025 - 15:00 NY Time'),
(267, 3, 5892.45, 5889.69, 5908.85, 5794.17, 62.71, '+1.08%', '2025-12-12 04:00:02', 'Dec 11, 2025 - 15:00 NY Time'),
(268, 4, 665121.60, 664810.43, 666973.05, 654028.46, 7079.07, '+1.08%', '2025-12-12 04:00:02', 'Dec 11, 2025 - 15:00 NY Time'),
(269, 1, 4276.90, 4274.90, 4286.90, 4203.70, 47.40, '+1.12%', '2025-12-12 05:00:03', 'Dec 11, 2025 - 16:00 NY Time'),
(270, 2, 6419.41, 6416.41, 6434.42, 6309.54, 71.15, '+1.12%', '2025-12-12 05:00:03', 'Dec 11, 2025 - 16:00 NY Time'),
(271, 3, 5890.79, 5888.03, 5904.56, 5789.97, 65.29, '+1.12%', '2025-12-12 05:00:03', 'Dec 11, 2025 - 16:00 NY Time'),
(272, 4, 665434.32, 665123.14, 666990.20, 654045.28, 7374.87, '+1.12%', '2025-12-12 05:00:03', 'Dec 11, 2025 - 16:00 NY Time'),
(273, 1, 4281.20, 4279.20, 4286.90, 4203.70, 51.70, '+1.22%', '2025-12-12 06:00:03', 'Dec 11, 2025 - 17:00 NY Time'),
(274, 2, 6424.15, 6421.15, 6432.71, 6307.86, 77.58, '+1.22%', '2025-12-12 06:00:03', 'Dec 11, 2025 - 17:00 NY Time'),
(275, 3, 5896.28, 5893.53, 5904.13, 5789.55, 71.20, '+1.22%', '2025-12-12 06:00:03', 'Dec 11, 2025 - 17:00 NY Time'),
(276, 4, 666034.85, 665723.70, 666921.61, 653978.02, 8043.07, '+1.22%', '2025-12-12 06:00:03', 'Dec 11, 2025 - 17:00 NY Time'),
(277, 1, 4281.10, 4279.10, 4286.90, 4203.70, 51.60, '+1.22%', '2025-12-12 07:00:04', 'Dec 11, 2025 - 18:00 NY Time'),
(278, 2, 6424.43, 6421.43, 6433.14, 6308.28, 77.43, '+1.22%', '2025-12-12 07:00:04', 'Dec 11, 2025 - 18:00 NY Time'),
(279, 3, 5895.72, 5892.96, 5903.70, 5789.13, 71.06, '+1.22%', '2025-12-12 07:00:04', 'Dec 11, 2025 - 18:00 NY Time'),
(280, 4, 666072.80, 665761.63, 666975.19, 654030.56, 8028.16, '+1.22%', '2025-12-12 07:00:04', 'Dec 11, 2025 - 18:00 NY Time'),
(281, 1, 4275.70, 4273.70, 4284.00, 4272.10, -5.40, '-0.13%', '2025-12-12 08:00:03', 'Dec 11, 2025 - 19:00 NY Time'),
(282, 2, 6418.47, 6415.46, 6430.93, 6413.06, -8.11, '-0.13%', '2025-12-12 08:00:03', 'Dec 11, 2025 - 19:00 NY Time'),
(283, 3, 5891.27, 5888.52, 5902.71, 5886.31, -7.44, '-0.13%', '2025-12-12 08:00:03', 'Dec 11, 2025 - 19:00 NY Time'),
(284, 4, 665025.28, 664714.20, 666316.22, 664465.35, -839.89, '-0.13%', '2025-12-12 08:00:03', 'Dec 11, 2025 - 19:00 NY Time'),
(285, 1, 4271.40, 4269.40, 4284.00, 4268.20, -9.70, '-0.23%', '2025-12-12 09:00:04', 'Dec 11, 2025 - 20:00 NY Time'),
(286, 2, 6404.75, 6401.75, 6423.64, 6399.95, -14.54, '-0.23%', '2025-12-12 09:00:04', 'Dec 11, 2025 - 20:00 NY Time'),
(287, 3, 5884.07, 5881.31, 5901.42, 5879.66, -13.36, '-0.23%', '2025-12-12 09:00:04', 'Dec 11, 2025 - 20:00 NY Time'),
(288, 4, 665095.42, 664784.00, 667057.36, 664597.15, -1510.38, '-0.23%', '2025-12-12 09:00:04', 'Dec 11, 2025 - 20:00 NY Time'),
(289, 1, 4270.30, 4268.30, 4284.00, 4264.00, -10.80, '-0.25%', '2025-12-12 10:00:03', 'Dec 11, 2025 - 21:00 NY Time'),
(290, 2, 6406.30, 6403.30, 6426.86, 6396.85, -16.20, '-0.25%', '2025-12-12 10:00:03', 'Dec 11, 2025 - 21:00 NY Time'),
(291, 3, 5882.55, 5879.80, 5901.42, 5873.87, -14.88, '-0.25%', '2025-12-12 10:00:03', 'Dec 11, 2025 - 21:00 NY Time'),
(292, 4, 664766.14, 664454.80, 666898.85, 663785.41, -1681.26, '-0.25%', '2025-12-12 10:00:03', 'Dec 11, 2025 - 21:00 NY Time'),
(293, 1, 4271.10, 4269.10, 4284.00, 4264.00, -10.00, '-0.23%', '2025-12-12 11:00:03', 'Dec 11, 2025 - 22:00 NY Time'),
(294, 2, 6408.57, 6405.57, 6427.93, 6397.92, -15.00, '-0.23%', '2025-12-12 11:00:03', 'Dec 11, 2025 - 22:00 NY Time'),
(295, 3, 5884.51, 5881.75, 5902.28, 5874.73, -13.78, '-0.23%', '2025-12-12 11:00:03', 'Dec 11, 2025 - 22:00 NY Time'),
(296, 4, 664924.85, 664613.49, 666933.12, 663819.52, -1556.80, '-0.23%', '2025-12-12 11:00:03', 'Dec 11, 2025 - 22:00 NY Time'),
(297, 1, 4272.10, 4270.10, 4284.00, 4264.00, -9.00, '-0.21%', '2025-12-12 12:00:03', 'Dec 11, 2025 - 23:00 NY Time'),
(298, 2, 6410.93, 6407.93, 6428.78, 6398.77, -13.51, '-0.21%', '2025-12-12 12:00:03', 'Dec 11, 2025 - 23:00 NY Time'),
(299, 3, 5885.89, 5883.13, 5902.28, 5874.73, -12.40, '-0.21%', '2025-12-12 12:00:03', 'Dec 11, 2025 - 23:00 NY Time'),
(300, 4, 665234.32, 664922.89, 667087.34, 663973.02, -1401.44, '-0.21%', '2025-12-12 12:00:03', 'Dec 11, 2025 - 23:00 NY Time'),
(301, 1, 4268.40, 4266.40, 4284.00, 4264.00, -12.70, '-0.30%', '2025-12-12 13:00:03', 'Dec 12, 2025 - 00:00 NY Time'),
(302, 2, 6410.07, 6407.07, 6433.50, 6403.46, -19.07, '-0.30%', '2025-12-12 13:00:03', 'Dec 12, 2025 - 00:00 NY Time'),
(303, 3, 5881.64, 5878.89, 5903.14, 5875.58, -17.50, '-0.30%', '2025-12-12 13:00:03', 'Dec 12, 2025 - 00:00 NY Time'),
(304, 4, 664811.84, 664500.33, 667241.57, 664126.53, -1978.05, '-0.30%', '2025-12-12 13:00:03', 'Dec 12, 2025 - 00:00 NY Time'),
(305, 1, 4280.60, 4278.60, 4284.00, 4264.00, -0.50, '-0.01%', '2025-12-12 14:00:03', 'Dec 12, 2025 - 01:00 NY Time'),
(306, 2, 6420.90, 6417.90, 6426.00, 6396.00, -0.75, '-0.01%', '2025-12-12 14:00:03', 'Dec 12, 2025 - 01:00 NY Time'),
(307, 3, 5896.31, 5893.56, 5901.00, 5873.45, -0.69, '-0.01%', '2025-12-12 14:00:03', 'Dec 12, 2025 - 01:00 NY Time'),
(308, 4, 666643.52, 666332.05, 667173.02, 664058.30, -77.87, '-0.01%', '2025-12-12 14:00:03', 'Dec 12, 2025 - 01:00 NY Time'),
(309, 1, 4283.80, 4281.80, 4284.00, 4264.00, 2.70, '+0.06%', '2025-12-12 15:00:03', 'Dec 12, 2025 - 02:00 NY Time'),
(310, 2, 6427.63, 6424.63, 6427.93, 6397.92, 4.05, '+0.06%', '2025-12-12 15:00:03', 'Dec 12, 2025 - 02:00 NY Time'),
(311, 3, 5901.15, 5898.39, 5901.42, 5873.87, 3.72, '+0.06%', '2025-12-12 15:00:03', 'Dec 12, 2025 - 02:00 NY Time'),
(312, 4, 666974.81, 666663.41, 667005.95, 663892.01, 420.38, '+0.06%', '2025-12-12 15:00:03', 'Dec 12, 2025 - 02:00 NY Time'),
(313, 1, 4287.70, 4285.70, 4291.20, 4264.00, 6.60, '+0.15%', '2025-12-12 16:00:04', 'Dec 12, 2025 - 03:00 NY Time'),
(314, 2, 6430.48, 6427.48, 6435.73, 6394.93, 9.90, '+0.15%', '2025-12-12 16:00:04', 'Dec 12, 2025 - 03:00 NY Time'),
(315, 3, 5903.52, 5900.77, 5908.34, 5870.89, 9.09, '+0.15%', '2025-12-12 16:00:04', 'Dec 12, 2025 - 03:00 NY Time'),
(316, 4, 667354.78, 667043.49, 667899.53, 663666.02, 1027.25, '+0.15%', '2025-12-12 16:00:04', 'Dec 12, 2025 - 03:00 NY Time'),
(317, 1, 4309.80, 4307.80, 4309.90, 4264.00, 28.70, '+0.67%', '2025-12-12 17:00:05', 'Dec 12, 2025 - 04:00 NY Time'),
(318, 2, 6456.94, 6453.95, 6457.09, 6388.32, 43.00, '+0.67%', '2025-12-12 17:00:05', 'Dec 12, 2025 - 04:00 NY Time'),
(319, 3, 5930.50, 5927.75, 5930.64, 5867.48, 39.49, '+0.67%', '2025-12-12 17:00:05', 'Dec 12, 2025 - 04:00 NY Time'),
(320, 4, 671410.81, 671099.24, 671426.39, 664275.77, 4471.09, '+0.67%', '2025-12-12 17:00:05', 'Dec 12, 2025 - 04:00 NY Time'),
(321, 1, 4319.00, 4317.00, 4321.40, 4264.00, 37.90, '+0.89%', '2025-12-12 18:00:04', 'Dec 12, 2025 - 05:00 NY Time'),
(322, 2, 6476.56, 6473.56, 6480.16, 6394.08, 56.83, '+0.89%', '2025-12-12 18:00:04', 'Dec 12, 2025 - 05:00 NY Time'),
(323, 3, 5944.46, 5941.70, 5947.76, 5868.76, 52.16, '+0.89%', '2025-12-12 18:00:04', 'Dec 12, 2025 - 05:00 NY Time'),
(324, 4, 673336.42, 673024.62, 673710.58, 664761.86, 5908.65, '+0.89%', '2025-12-12 18:00:04', 'Dec 12, 2025 - 05:00 NY Time'),
(325, 1, 4328.80, 4326.80, 4331.70, 4264.00, 47.70, '+1.11%', '2025-12-12 19:00:04', 'Dec 12, 2025 - 06:00 NY Time'),
(326, 2, 6492.55, 6489.55, 6496.90, 6395.36, 71.54, '+1.11%', '2025-12-12 19:00:04', 'Dec 12, 2025 - 06:00 NY Time'),
(327, 3, 5957.08, 5954.33, 5961.07, 5867.90, 65.64, '+1.11%', '2025-12-12 19:00:04', 'Dec 12, 2025 - 06:00 NY Time'),
(328, 4, 674950.82, 674638.98, 675403.00, 664847.14, 7437.43, '+1.11%', '2025-12-12 19:00:04', 'Dec 12, 2025 - 06:00 NY Time'),
(329, 1, 4337.50, 4335.50, 4340.20, 4264.00, 56.40, '+1.32%', '2025-12-12 20:00:05', 'Dec 12, 2025 - 07:00 NY Time'),
(330, 2, 6506.90, 6503.90, 6510.95, 6396.64, 84.61, '+1.32%', '2025-12-12 20:00:05', 'Dec 12, 2025 - 07:00 NY Time'),
(331, 3, 5968.18, 5965.43, 5971.90, 5867.05, 77.60, '+1.32%', '2025-12-12 20:00:05', 'Dec 12, 2025 - 07:00 NY Time'),
(332, 4, 676289.99, 675978.15, 676710.96, 664830.09, 8793.72, '+1.32%', '2025-12-12 20:00:05', 'Dec 12, 2025 - 07:00 NY Time'),
(333, 1, 4327.40, 4325.40, 4340.20, 4264.00, 46.30, '+1.08%', '2025-12-12 21:00:04', 'Dec 12, 2025 - 08:00 NY Time'),
(334, 2, 6495.64, 6492.64, 6514.86, 6400.48, 69.50, '+1.08%', '2025-12-12 21:00:04', 'Dec 12, 2025 - 08:00 NY Time'),
(335, 3, 5957.32, 5954.56, 5974.94, 5870.04, 63.74, '+1.08%', '2025-12-12 21:00:04', 'Dec 12, 2025 - 08:00 NY Time'),
(336, 4, 675360.01, 675047.88, 677357.65, 665465.42, 7225.86, '+1.08%', '2025-12-12 21:00:04', 'Dec 12, 2025 - 08:00 NY Time'),
(337, 1, 4341.60, 4339.60, 4346.80, 4264.00, 60.50, '+1.41%', '2025-12-12 22:00:05', 'Dec 12, 2025 - 09:00 NY Time'),
(338, 2, 6516.96, 6513.96, 6524.76, 6400.48, 90.81, '+1.41%', '2025-12-12 22:00:05', 'Dec 12, 2025 - 09:00 NY Time'),
(339, 3, 5976.00, 5973.24, 5983.15, 5869.18, 83.28, '+1.41%', '2025-12-12 22:00:05', 'Dec 12, 2025 - 09:00 NY Time'),
(340, 4, 677302.62, 676990.62, 678113.84, 665196.79, 9438.18, '+1.41%', '2025-12-12 22:00:05', 'Dec 12, 2025 - 09:00 NY Time'),
(341, 1, 4353.30, 4351.30, 4352.00, 4264.00, 72.20, '+1.69%', '2025-12-12 23:00:05', 'Dec 12, 2025 - 10:00 NY Time'),
(342, 2, 6529.73, 6526.73, 6527.78, 6395.79, 108.30, '+1.69%', '2025-12-12 23:00:05', 'Dec 12, 2025 - 10:00 NY Time'),
(343, 3, 5989.05, 5986.30, 5987.26, 5866.20, 99.33, '+1.69%', '2025-12-12 23:00:05', 'Dec 12, 2025 - 10:00 NY Time'),
(344, 4, 678683.82, 678372.02, 678481.15, 664761.86, 11256.05, '+1.69%', '2025-12-12 23:00:05', 'Dec 12, 2025 - 10:00 NY Time'),
(345, 1, 4293.20, 4291.20, 4354.30, 4264.00, 12.10, '+0.28%', '2025-12-13 00:00:06', 'Dec 12, 2025 - 11:00 NY Time'),
(346, 2, 6464.92, 6461.90, 6556.92, 6420.94, 18.22, '+0.28%', '2025-12-13 00:00:06', 'Dec 12, 2025 - 11:00 NY Time'),
(347, 3, 5917.10, 5914.35, 6001.31, 5876.86, 16.68, '+0.28%', '2025-12-13 00:00:06', 'Dec 12, 2025 - 11:00 NY Time'),
(348, 4, 669653.34, 669341.38, 679183.71, 665098.72, 1887.36, '+0.28%', '2025-12-13 00:00:06', 'Dec 12, 2025 - 11:00 NY Time'),
(349, 1, 4280.20, 4278.20, 4354.30, 4256.80, -0.90, '-0.02%', '2025-12-13 01:00:04', 'Dec 12, 2025 - 12:00 NY Time'),
(350, 2, 6448.76, 6445.75, 6560.41, 6413.51, -1.36, '-0.02%', '2025-12-13 01:00:04', 'Dec 12, 2025 - 12:00 NY Time'),
(351, 3, 5901.75, 5899.00, 6003.93, 5869.49, -1.24, '-0.02%', '2025-12-13 01:00:04', 'Dec 12, 2025 - 12:00 NY Time'),
(352, 4, 666919.36, 666607.73, 678465.25, 663273.29, -140.23, '-0.02%', '2025-12-13 01:00:04', 'Dec 12, 2025 - 12:00 NY Time'),
(353, 1, 4297.20, 4295.20, 4354.30, 4256.80, 16.10, '+0.38%', '2025-12-13 02:00:05', 'Dec 12, 2025 - 13:00 NY Time'),
(354, 2, 6459.77, 6456.76, 6545.60, 6399.03, 24.20, '+0.38%', '2025-12-13 02:00:05', 'Dec 12, 2025 - 13:00 NY Time'),
(355, 3, 5917.03, 5914.28, 5995.65, 5861.40, 22.17, '+0.38%', '2025-12-13 02:00:05', 'Dec 12, 2025 - 13:00 NY Time'),
(356, 4, 669551.03, 669239.41, 678447.84, 663256.26, 2508.56, '+0.38%', '2025-12-13 02:00:05', 'Dec 12, 2025 - 13:00 NY Time'),
(357, 1, 4296.60, 4294.60, 4354.30, 4256.80, 15.50, '+0.36%', '2025-12-13 03:00:05', 'Dec 12, 2025 - 14:00 NY Time'),
(358, 2, 6458.43, 6455.43, 6545.17, 6398.61, 23.30, '+0.36%', '2025-12-13 03:00:05', 'Dec 12, 2025 - 14:00 NY Time'),
(359, 3, 5917.06, 5914.31, 5996.52, 5862.25, 21.35, '+0.36%', '2025-12-13 03:00:05', 'Dec 12, 2025 - 14:00 NY Time'),
(360, 4, 669354.42, 669042.85, 678343.33, 663154.10, 2414.70, '+0.36%', '2025-12-13 03:00:05', 'Dec 12, 2025 - 14:00 NY Time'),
(361, 1, 4297.70, 4295.70, 4354.30, 4256.80, 16.60, '+0.39%', '2025-12-13 04:00:06', 'Dec 12, 2025 - 15:00 NY Time'),
(362, 2, 6461.81, 6458.80, 6546.91, 6400.31, 24.96, '+0.39%', '2025-12-13 04:00:06', 'Dec 12, 2025 - 15:00 NY Time'),
(363, 3, 5917.93, 5915.18, 5995.87, 5861.61, 22.86, '+0.39%', '2025-12-13 04:00:06', 'Dec 12, 2025 - 15:00 NY Time'),
(364, 4, 670037.22, 669725.40, 678861.50, 663660.66, 2588.04, '+0.39%', '2025-12-13 04:00:06', 'Dec 12, 2025 - 15:00 NY Time'),
(365, 1, 4298.30, 4296.30, 4354.30, 4256.80, 17.20, '+0.40%', '2025-12-13 05:00:06', 'Dec 12, 2025 - 16:00 NY Time'),
(366, 2, 6464.00, 6460.99, 6548.21, 6401.59, 25.87, '+0.40%', '2025-12-13 05:00:06', 'Dec 12, 2025 - 16:00 NY Time'),
(367, 3, 5918.54, 5915.79, 5995.65, 5861.40, 23.68, '+0.40%', '2025-12-13 05:00:06', 'Dec 12, 2025 - 16:00 NY Time'),
(368, 4, 669988.92, 669677.17, 678717.80, 663520.19, 2681.02, '+0.40%', '2025-12-13 05:00:06', 'Dec 12, 2025 - 16:00 NY Time'),
(369, 1, 4302.00, 4300.00, 4354.30, 4256.80, 20.90, '+0.49%', '2025-12-13 06:00:06', 'Dec 12, 2025 - 17:00 NY Time'),
(370, 2, 6465.69, 6462.69, 6544.30, 6397.76, 31.41, '+0.49%', '2025-12-13 06:00:06', 'Dec 12, 2025 - 17:00 NY Time'),
(371, 3, 5924.93, 5922.18, 5996.96, 5862.68, 28.78, '+0.49%', '2025-12-13 06:00:06', 'Dec 12, 2025 - 17:00 NY Time'),
(372, 4, 670389.26, 670077.60, 678539.28, 663345.66, 3256.89, '+0.49%', '2025-12-13 06:00:06', 'Dec 12, 2025 - 17:00 NY Time'),
(373, 1, 4300.70, 4298.70, 4354.30, 4256.80, 19.60, '+0.46%', '2025-12-13 07:00:06', 'Dec 12, 2025 - 18:00 NY Time'),
(374, 2, 6465.46, 6462.45, 6546.04, 6399.46, 29.47, '+0.46%', '2025-12-13 07:00:06', 'Dec 12, 2025 - 18:00 NY Time'),
(375, 3, 5923.57, 5920.81, 5997.40, 5863.10, 27.00, '+0.46%', '2025-12-13 07:00:06', 'Dec 12, 2025 - 18:00 NY Time'),
(376, 4, 670178.08, 669866.42, 678530.57, 663337.14, 3054.27, '+0.46%', '2025-12-13 07:00:06', 'Dec 12, 2025 - 18:00 NY Time'),
(377, 1, 4300.70, 4298.70, 4354.30, 4256.80, 19.60, '+0.46%', '2025-12-13 08:00:05', 'Dec 12, 2025 - 19:00 NY Time'),
(378, 2, 6465.46, 6462.45, 6546.04, 6399.46, 29.47, '+0.46%', '2025-12-13 08:00:05', 'Dec 12, 2025 - 19:00 NY Time'),
(379, 3, 5923.57, 5920.81, 5997.40, 5863.10, 27.00, '+0.46%', '2025-12-13 08:00:05', 'Dec 12, 2025 - 19:00 NY Time'),
(380, 4, 670178.08, 669866.42, 678530.57, 663337.14, 3054.27, '+0.46%', '2025-12-13 08:00:05', 'Dec 12, 2025 - 19:00 NY Time'),
(381, 1, 4300.70, 4298.70, 4354.30, 4256.80, 19.60, '+0.46%', '2025-12-13 09:00:05', 'Dec 12, 2025 - 20:00 NY Time'),
(382, 2, 6465.46, 6462.45, 6546.04, 6399.46, 29.47, '+0.46%', '2025-12-13 09:00:05', 'Dec 12, 2025 - 20:00 NY Time'),
(383, 3, 5923.57, 5920.81, 5997.40, 5863.10, 27.00, '+0.46%', '2025-12-13 09:00:05', 'Dec 12, 2025 - 20:00 NY Time'),
(384, 4, 670178.08, 669866.42, 678530.57, 663337.14, 3054.27, '+0.46%', '2025-12-13 09:00:05', 'Dec 12, 2025 - 20:00 NY Time'),
(385, 1, 4300.70, 4298.70, 4354.30, 4256.80, 19.60, '+0.46%', '2025-12-13 10:00:07', 'Dec 12, 2025 - 21:00 NY Time'),
(386, 2, 6465.46, 6462.45, 6546.04, 6399.46, 29.47, '+0.46%', '2025-12-13 10:00:07', 'Dec 12, 2025 - 21:00 NY Time'),
(387, 3, 5923.57, 5920.81, 5997.40, 5863.10, 27.00, '+0.46%', '2025-12-13 10:00:07', 'Dec 12, 2025 - 21:00 NY Time'),
(388, 4, 670178.08, 669866.42, 678530.57, 663337.14, 3054.27, '+0.46%', '2025-12-13 10:00:07', 'Dec 12, 2025 - 21:00 NY Time'),
(389, 1, 4300.70, 4298.70, 4354.30, 4256.80, 19.60, '+0.46%', '2025-12-13 11:00:05', 'Dec 12, 2025 - 22:00 NY Time'),
(390, 2, 6465.46, 6462.45, 6546.04, 6399.46, 29.47, '+0.46%', '2025-12-13 11:00:05', 'Dec 12, 2025 - 22:00 NY Time'),
(391, 3, 5923.57, 5920.81, 5997.40, 5863.10, 27.00, '+0.46%', '2025-12-13 11:00:05', 'Dec 12, 2025 - 22:00 NY Time'),
(392, 4, 670178.08, 669866.42, 678530.57, 663337.14, 3054.27, '+0.46%', '2025-12-13 11:00:05', 'Dec 12, 2025 - 22:00 NY Time'),
(393, 1, 4300.70, 4298.70, 4354.30, 4256.80, 19.60, '+0.46%', '2025-12-13 12:00:06', 'Dec 12, 2025 - 23:00 NY Time'),
(394, 2, 6465.46, 6462.45, 6546.04, 6399.46, 29.47, '+0.46%', '2025-12-13 12:00:06', 'Dec 12, 2025 - 23:00 NY Time'),
(395, 3, 5923.57, 5920.81, 5997.40, 5863.10, 27.00, '+0.46%', '2025-12-13 12:00:06', 'Dec 12, 2025 - 23:00 NY Time'),
(396, 4, 670178.08, 669866.42, 678530.57, 663337.14, 3054.27, '+0.46%', '2025-12-13 12:00:06', 'Dec 12, 2025 - 23:00 NY Time'),
(397, 1, 4300.70, 4298.70, 4354.30, 4256.80, 19.60, '+0.46%', '2025-12-13 13:00:07', 'Dec 13, 2025 - 00:00 NY Time'),
(398, 2, 6465.46, 6462.45, 6546.04, 6399.46, 29.47, '+0.46%', '2025-12-13 13:00:07', 'Dec 13, 2025 - 00:00 NY Time'),
(399, 3, 5923.57, 5920.81, 5997.40, 5863.10, 27.00, '+0.46%', '2025-12-13 13:00:07', 'Dec 13, 2025 - 00:00 NY Time'),
(400, 4, 670178.08, 669866.42, 678530.57, 663337.14, 3054.27, '+0.46%', '2025-12-13 13:00:07', 'Dec 13, 2025 - 00:00 NY Time'),
(401, 1, 4300.70, 4298.70, 4354.30, 4256.80, 19.60, '+0.46%', '2025-12-13 14:00:07', 'Dec 13, 2025 - 01:00 NY Time'),
(402, 2, 6465.46, 6462.45, 6546.04, 6399.46, 29.47, '+0.46%', '2025-12-13 14:00:07', 'Dec 13, 2025 - 01:00 NY Time'),
(403, 3, 5923.57, 5920.81, 5997.40, 5863.10, 27.00, '+0.46%', '2025-12-13 14:00:07', 'Dec 13, 2025 - 01:00 NY Time'),
(404, 4, 670178.08, 669866.42, 678530.57, 663337.14, 3054.27, '+0.46%', '2025-12-13 14:00:07', 'Dec 13, 2025 - 01:00 NY Time'),
(405, 1, 4300.70, 4298.70, 4354.30, 4256.80, 19.60, '+0.46%', '2025-12-13 15:00:06', 'Dec 13, 2025 - 02:00 NY Time'),
(406, 2, 6465.46, 6462.45, 6546.04, 6399.46, 29.47, '+0.46%', '2025-12-13 15:00:06', 'Dec 13, 2025 - 02:00 NY Time'),
(407, 3, 5923.57, 5920.81, 5997.40, 5863.10, 27.00, '+0.46%', '2025-12-13 15:00:06', 'Dec 13, 2025 - 02:00 NY Time'),
(408, 4, 670178.08, 669866.42, 678530.57, 663337.14, 3054.27, '+0.46%', '2025-12-13 15:00:06', 'Dec 13, 2025 - 02:00 NY Time'),
(409, 1, 4300.70, 4298.70, 4354.30, 4256.80, 19.60, '+0.46%', '2025-12-13 16:00:07', 'Dec 13, 2025 - 03:00 NY Time'),
(410, 2, 6465.46, 6462.45, 6546.04, 6399.46, 29.47, '+0.46%', '2025-12-13 16:00:07', 'Dec 13, 2025 - 03:00 NY Time'),
(411, 3, 5923.57, 5920.81, 5997.40, 5863.10, 27.00, '+0.46%', '2025-12-13 16:00:07', 'Dec 13, 2025 - 03:00 NY Time'),
(412, 4, 670178.08, 669866.42, 678530.57, 663337.14, 3054.27, '+0.46%', '2025-12-13 16:00:07', 'Dec 13, 2025 - 03:00 NY Time'),
(413, 1, 4300.70, 4298.70, 4354.30, 4256.80, 19.60, '+0.46%', '2025-12-13 17:00:07', 'Dec 13, 2025 - 04:00 NY Time'),
(414, 2, 6465.46, 6462.45, 6546.04, 6399.46, 29.47, '+0.46%', '2025-12-13 17:00:07', 'Dec 13, 2025 - 04:00 NY Time'),
(415, 3, 5923.57, 5920.81, 5997.40, 5863.10, 27.00, '+0.46%', '2025-12-13 17:00:07', 'Dec 13, 2025 - 04:00 NY Time'),
(416, 4, 670178.08, 669866.42, 678530.57, 663337.14, 3054.27, '+0.46%', '2025-12-13 17:00:07', 'Dec 13, 2025 - 04:00 NY Time'),
(417, 1, 4300.70, 4298.70, 4354.30, 4256.80, 19.60, '+0.46%', '2025-12-13 18:00:05', 'Dec 13, 2025 - 05:00 NY Time'),
(418, 2, 6465.46, 6462.45, 6546.04, 6399.46, 29.47, '+0.46%', '2025-12-13 18:00:05', 'Dec 13, 2025 - 05:00 NY Time'),
(419, 3, 5923.57, 5920.81, 5997.40, 5863.10, 27.00, '+0.46%', '2025-12-13 18:00:05', 'Dec 13, 2025 - 05:00 NY Time'),
(420, 4, 670178.08, 669866.42, 678530.57, 663337.14, 3054.27, '+0.46%', '2025-12-13 18:00:05', 'Dec 13, 2025 - 05:00 NY Time');
INSERT INTO `gold_prices` (`gold_id`, `currency_id`, `ask_price`, `bid_price`, `high_price`, `low_price`, `change_value`, `change_percent`, `timestamp_local`, `timestamp_ny`) VALUES
(421, 1, 4300.70, 4298.70, 4354.30, 4256.80, 19.60, '+0.46%', '2025-12-13 19:00:06', 'Dec 13, 2025 - 06:00 NY Time'),
(422, 2, 6465.46, 6462.45, 6546.04, 6399.46, 29.47, '+0.46%', '2025-12-13 19:00:06', 'Dec 13, 2025 - 06:00 NY Time'),
(423, 3, 5923.57, 5920.81, 5997.40, 5863.10, 27.00, '+0.46%', '2025-12-13 19:00:06', 'Dec 13, 2025 - 06:00 NY Time'),
(424, 4, 670178.08, 669866.42, 678530.57, 663337.14, 3054.27, '+0.46%', '2025-12-13 19:00:06', 'Dec 13, 2025 - 06:00 NY Time'),
(425, 1, 4300.70, 4298.70, 4354.30, 4256.80, 19.60, '+0.46%', '2025-12-13 20:00:07', 'Dec 13, 2025 - 07:00 NY Time'),
(426, 2, 6465.46, 6462.45, 6546.04, 6399.46, 29.47, '+0.46%', '2025-12-13 20:00:07', 'Dec 13, 2025 - 07:00 NY Time'),
(427, 3, 5923.57, 5920.81, 5997.40, 5863.10, 27.00, '+0.46%', '2025-12-13 20:00:07', 'Dec 13, 2025 - 07:00 NY Time'),
(428, 4, 670178.08, 669866.42, 678530.57, 663337.14, 3054.27, '+0.46%', '2025-12-13 20:00:07', 'Dec 13, 2025 - 07:00 NY Time'),
(429, 1, 4300.70, 4298.70, 4354.30, 4256.80, 19.60, '+0.46%', '2025-12-13 21:00:06', 'Dec 13, 2025 - 08:00 NY Time'),
(430, 2, 6465.46, 6462.45, 6546.04, 6399.46, 29.47, '+0.46%', '2025-12-13 21:00:06', 'Dec 13, 2025 - 08:00 NY Time'),
(431, 3, 5923.57, 5920.81, 5997.40, 5863.10, 27.00, '+0.46%', '2025-12-13 21:00:06', 'Dec 13, 2025 - 08:00 NY Time'),
(432, 4, 670178.08, 669866.42, 678530.57, 663337.14, 3054.27, '+0.46%', '2025-12-13 21:00:06', 'Dec 13, 2025 - 08:00 NY Time'),
(433, 1, 4300.70, 4298.70, 4354.30, 4256.80, 19.60, '+0.46%', '2025-12-13 22:00:06', 'Dec 13, 2025 - 09:00 NY Time'),
(434, 2, 6465.46, 6462.45, 6546.04, 6399.46, 29.47, '+0.46%', '2025-12-13 22:00:06', 'Dec 13, 2025 - 09:00 NY Time'),
(435, 3, 5923.57, 5920.81, 5997.40, 5863.10, 27.00, '+0.46%', '2025-12-13 22:00:06', 'Dec 13, 2025 - 09:00 NY Time'),
(436, 4, 670178.08, 669866.42, 678530.57, 663337.14, 3054.27, '+0.46%', '2025-12-13 22:00:06', 'Dec 13, 2025 - 09:00 NY Time'),
(437, 1, 4300.70, 4298.70, 4354.30, 4256.80, 19.60, '+0.46%', '2025-12-13 23:00:05', 'Dec 13, 2025 - 10:00 NY Time'),
(438, 2, 6465.46, 6462.45, 6546.04, 6399.46, 29.47, '+0.46%', '2025-12-13 23:00:05', 'Dec 13, 2025 - 10:00 NY Time'),
(439, 3, 5923.57, 5920.81, 5997.40, 5863.10, 27.00, '+0.46%', '2025-12-13 23:00:05', 'Dec 13, 2025 - 10:00 NY Time'),
(440, 4, 670178.08, 669866.42, 678530.57, 663337.14, 3054.27, '+0.46%', '2025-12-13 23:00:05', 'Dec 13, 2025 - 10:00 NY Time'),
(441, 1, 4300.70, 4298.70, 4354.30, 4256.80, 19.60, '+0.46%', '2025-12-14 00:00:02', 'Dec 13, 2025 - 11:00 NY Time'),
(442, 2, 6465.46, 6462.45, 6546.04, 6399.46, 29.47, '+0.46%', '2025-12-14 00:00:02', 'Dec 13, 2025 - 11:00 NY Time'),
(443, 3, 5923.57, 5920.81, 5997.40, 5863.10, 27.00, '+0.46%', '2025-12-14 00:00:02', 'Dec 13, 2025 - 11:00 NY Time'),
(444, 4, 670178.08, 669866.42, 678530.57, 663337.14, 3054.27, '+0.46%', '2025-12-14 00:00:02', 'Dec 13, 2025 - 11:00 NY Time'),
(445, 1, 4300.70, 4298.70, 4354.30, 4256.80, 19.60, '+0.46%', '2025-12-14 01:00:08', 'Dec 13, 2025 - 12:00 NY Time'),
(446, 2, 6465.46, 6462.45, 6546.04, 6399.46, 29.47, '+0.46%', '2025-12-14 01:00:08', 'Dec 13, 2025 - 12:00 NY Time'),
(447, 3, 5923.57, 5920.81, 5997.40, 5863.10, 27.00, '+0.46%', '2025-12-14 01:00:08', 'Dec 13, 2025 - 12:00 NY Time'),
(448, 4, 670178.08, 669866.42, 678530.57, 663337.14, 3054.27, '+0.46%', '2025-12-14 01:00:08', 'Dec 13, 2025 - 12:00 NY Time'),
(449, 1, 4300.70, 4298.70, 4354.30, 4256.80, 19.60, '+0.46%', '2025-12-14 02:00:06', 'Dec 13, 2025 - 13:00 NY Time'),
(450, 2, 6465.46, 6462.45, 6546.04, 6399.46, 29.47, '+0.46%', '2025-12-14 02:00:06', 'Dec 13, 2025 - 13:00 NY Time'),
(451, 3, 5923.57, 5920.81, 5997.40, 5863.10, 27.00, '+0.46%', '2025-12-14 02:00:06', 'Dec 13, 2025 - 13:00 NY Time'),
(452, 4, 670178.08, 669866.42, 678530.57, 663337.14, 3054.27, '+0.46%', '2025-12-14 02:00:06', 'Dec 13, 2025 - 13:00 NY Time'),
(453, 1, 4300.70, 4298.70, 4354.30, 4256.80, 19.60, '+0.46%', '2025-12-14 03:00:07', 'Dec 13, 2025 - 14:00 NY Time'),
(454, 2, 6465.46, 6462.45, 6546.04, 6399.46, 29.47, '+0.46%', '2025-12-14 03:00:07', 'Dec 13, 2025 - 14:00 NY Time'),
(455, 3, 5923.57, 5920.81, 5997.40, 5863.10, 27.00, '+0.46%', '2025-12-14 03:00:07', 'Dec 13, 2025 - 14:00 NY Time'),
(456, 4, 670178.08, 669866.42, 678530.57, 663337.14, 3054.27, '+0.46%', '2025-12-14 03:00:07', 'Dec 13, 2025 - 14:00 NY Time'),
(457, 1, 4300.70, 4298.70, 4354.30, 4256.80, 19.60, '+0.46%', '2025-12-14 04:00:08', 'Dec 13, 2025 - 15:00 NY Time'),
(458, 2, 6465.46, 6462.45, 6546.04, 6399.46, 29.47, '+0.46%', '2025-12-14 04:00:08', 'Dec 13, 2025 - 15:00 NY Time'),
(459, 3, 5923.57, 5920.81, 5997.40, 5863.10, 27.00, '+0.46%', '2025-12-14 04:00:08', 'Dec 13, 2025 - 15:00 NY Time'),
(460, 4, 670178.08, 669866.42, 678530.57, 663337.14, 3054.27, '+0.46%', '2025-12-14 04:00:08', 'Dec 13, 2025 - 15:00 NY Time'),
(461, 1, 4300.70, 4298.70, 4354.30, 4256.80, 19.60, '+0.46%', '2025-12-14 05:00:06', 'Dec 13, 2025 - 16:00 NY Time'),
(462, 2, 6465.46, 6462.45, 6546.04, 6399.46, 29.47, '+0.46%', '2025-12-14 05:00:06', 'Dec 13, 2025 - 16:00 NY Time'),
(463, 3, 5923.57, 5920.81, 5997.40, 5863.10, 27.00, '+0.46%', '2025-12-14 05:00:06', 'Dec 13, 2025 - 16:00 NY Time'),
(464, 4, 670178.08, 669866.42, 678530.57, 663337.14, 3054.27, '+0.46%', '2025-12-14 05:00:06', 'Dec 13, 2025 - 16:00 NY Time'),
(465, 1, 4300.70, 4298.70, 4354.30, 4256.80, 19.60, '+0.46%', '2025-12-14 06:00:08', 'Dec 13, 2025 - 17:00 NY Time'),
(466, 2, 6465.46, 6462.45, 6546.04, 6399.46, 29.47, '+0.46%', '2025-12-14 06:00:08', 'Dec 13, 2025 - 17:00 NY Time'),
(467, 3, 5923.57, 5920.81, 5997.40, 5863.10, 27.00, '+0.46%', '2025-12-14 06:00:08', 'Dec 13, 2025 - 17:00 NY Time'),
(468, 4, 670178.08, 669866.42, 678530.57, 663337.14, 3054.27, '+0.46%', '2025-12-14 06:00:08', 'Dec 13, 2025 - 17:00 NY Time'),
(469, 1, 4300.70, 4298.70, 4354.30, 4256.80, 19.60, '+0.46%', '2025-12-14 07:00:07', 'Dec 13, 2025 - 18:00 NY Time'),
(470, 2, 6465.46, 6462.45, 6546.04, 6399.46, 29.47, '+0.46%', '2025-12-14 07:00:07', 'Dec 13, 2025 - 18:00 NY Time'),
(471, 3, 5923.57, 5920.81, 5997.40, 5863.10, 27.00, '+0.46%', '2025-12-14 07:00:07', 'Dec 13, 2025 - 18:00 NY Time'),
(472, 4, 670178.08, 669866.42, 678530.57, 663337.14, 3054.27, '+0.46%', '2025-12-14 07:00:07', 'Dec 13, 2025 - 18:00 NY Time'),
(473, 1, 4300.70, 4298.70, 4354.30, 4256.80, 19.60, '+0.46%', '2025-12-14 08:00:09', 'Dec 13, 2025 - 19:00 NY Time'),
(474, 2, 6465.46, 6462.45, 6546.04, 6399.46, 29.47, '+0.46%', '2025-12-14 08:00:09', 'Dec 13, 2025 - 19:00 NY Time'),
(475, 3, 5923.57, 5920.81, 5997.40, 5863.10, 27.00, '+0.46%', '2025-12-14 08:00:09', 'Dec 13, 2025 - 19:00 NY Time'),
(476, 4, 670178.08, 669866.42, 678530.57, 663337.14, 3054.27, '+0.46%', '2025-12-14 08:00:09', 'Dec 13, 2025 - 19:00 NY Time'),
(477, 1, 4300.70, 4298.70, 4354.30, 4256.80, 19.60, '+0.46%', '2025-12-14 09:00:06', 'Dec 13, 2025 - 20:00 NY Time'),
(478, 2, 6465.46, 6462.45, 6546.04, 6399.46, 29.47, '+0.46%', '2025-12-14 09:00:06', 'Dec 13, 2025 - 20:00 NY Time'),
(479, 3, 5923.57, 5920.81, 5997.40, 5863.10, 27.00, '+0.46%', '2025-12-14 09:00:06', 'Dec 13, 2025 - 20:00 NY Time'),
(480, 4, 670178.08, 669866.42, 678530.57, 663337.14, 3054.27, '+0.46%', '2025-12-14 09:00:06', 'Dec 13, 2025 - 20:00 NY Time'),
(481, 1, 4300.70, 4298.70, 4354.30, 4256.80, 19.60, '+0.46%', '2025-12-14 10:00:03', 'Dec 13, 2025 - 21:00 NY Time'),
(482, 2, 6465.46, 6462.45, 6546.04, 6399.46, 29.47, '+0.46%', '2025-12-14 10:00:03', 'Dec 13, 2025 - 21:00 NY Time'),
(483, 3, 5923.57, 5920.81, 5997.40, 5863.10, 27.00, '+0.46%', '2025-12-14 10:00:03', 'Dec 13, 2025 - 21:00 NY Time'),
(484, 4, 670178.08, 669866.42, 678530.57, 663337.14, 3054.27, '+0.46%', '2025-12-14 10:00:03', 'Dec 13, 2025 - 21:00 NY Time'),
(485, 1, 4300.70, 4298.70, 4354.30, 4256.80, 19.60, '+0.46%', '2025-12-14 11:00:03', 'Dec 13, 2025 - 22:00 NY Time'),
(486, 2, 6465.46, 6462.45, 6546.04, 6399.46, 29.47, '+0.46%', '2025-12-14 11:00:03', 'Dec 13, 2025 - 22:00 NY Time'),
(487, 3, 5923.57, 5920.81, 5997.40, 5863.10, 27.00, '+0.46%', '2025-12-14 11:00:03', 'Dec 13, 2025 - 22:00 NY Time'),
(488, 4, 670178.08, 669866.42, 678530.57, 663337.14, 3054.27, '+0.46%', '2025-12-14 11:00:03', 'Dec 13, 2025 - 22:00 NY Time'),
(489, 1, 4300.70, 4298.70, 4354.30, 4256.80, 19.60, '+0.46%', '2025-12-14 12:00:03', 'Dec 13, 2025 - 23:00 NY Time'),
(490, 2, 6465.46, 6462.45, 6546.04, 6399.46, 29.47, '+0.46%', '2025-12-14 12:00:03', 'Dec 13, 2025 - 23:00 NY Time'),
(491, 3, 5923.57, 5920.81, 5997.40, 5863.10, 27.00, '+0.46%', '2025-12-14 12:00:03', 'Dec 13, 2025 - 23:00 NY Time'),
(492, 4, 670178.08, 669866.42, 678530.57, 663337.14, 3054.27, '+0.46%', '2025-12-14 12:00:03', 'Dec 13, 2025 - 23:00 NY Time'),
(493, 1, 4300.70, 4298.70, 4354.30, 4256.80, 19.60, '+0.46%', '2025-12-14 13:00:04', 'Dec 14, 2025 - 00:00 NY Time'),
(494, 2, 6465.46, 6462.45, 6546.04, 6399.46, 29.47, '+0.46%', '2025-12-14 13:00:04', 'Dec 14, 2025 - 00:00 NY Time'),
(495, 3, 5923.57, 5920.81, 5997.40, 5863.10, 27.00, '+0.46%', '2025-12-14 13:00:04', 'Dec 14, 2025 - 00:00 NY Time'),
(496, 4, 670178.08, 669866.42, 678530.57, 663337.14, 3054.27, '+0.46%', '2025-12-14 13:00:04', 'Dec 14, 2025 - 00:00 NY Time'),
(497, 1, 4300.70, 4298.70, 4354.30, 4256.80, 19.60, '+0.46%', '2025-12-14 14:00:04', 'Dec 14, 2025 - 01:00 NY Time'),
(498, 2, 6465.46, 6462.45, 6546.04, 6399.46, 29.47, '+0.46%', '2025-12-14 14:00:04', 'Dec 14, 2025 - 01:00 NY Time'),
(499, 3, 5923.57, 5920.81, 5997.40, 5863.10, 27.00, '+0.46%', '2025-12-14 14:00:04', 'Dec 14, 2025 - 01:00 NY Time'),
(500, 4, 670178.08, 669866.42, 678530.57, 663337.14, 3054.27, '+0.46%', '2025-12-14 14:00:04', 'Dec 14, 2025 - 01:00 NY Time'),
(501, 1, 4300.70, 4298.70, 4354.30, 4256.80, 19.60, '+0.46%', '2025-12-14 15:00:03', 'Dec 14, 2025 - 02:00 NY Time'),
(502, 2, 6465.46, 6462.45, 6546.04, 6399.46, 29.47, '+0.46%', '2025-12-14 15:00:03', 'Dec 14, 2025 - 02:00 NY Time'),
(503, 3, 5923.57, 5920.81, 5997.40, 5863.10, 27.00, '+0.46%', '2025-12-14 15:00:03', 'Dec 14, 2025 - 02:00 NY Time'),
(504, 4, 670178.08, 669866.42, 678530.57, 663337.14, 3054.27, '+0.46%', '2025-12-14 15:00:03', 'Dec 14, 2025 - 02:00 NY Time'),
(505, 1, 4300.70, 4298.70, 4354.30, 4256.80, 19.60, '+0.46%', '2025-12-14 16:00:04', 'Dec 14, 2025 - 03:00 NY Time'),
(506, 2, 6465.46, 6462.45, 6546.04, 6399.46, 29.47, '+0.46%', '2025-12-14 16:00:04', 'Dec 14, 2025 - 03:00 NY Time'),
(507, 3, 5923.57, 5920.81, 5997.40, 5863.10, 27.00, '+0.46%', '2025-12-14 16:00:04', 'Dec 14, 2025 - 03:00 NY Time'),
(508, 4, 670178.08, 669866.42, 678530.57, 663337.14, 3054.27, '+0.46%', '2025-12-14 16:00:04', 'Dec 14, 2025 - 03:00 NY Time'),
(509, 1, 4300.70, 4298.70, 4354.30, 4256.80, 19.60, '+0.46%', '2025-12-14 17:00:03', 'Dec 14, 2025 - 04:00 NY Time'),
(510, 2, 6465.46, 6462.45, 6546.04, 6399.46, 29.47, '+0.46%', '2025-12-14 17:00:03', 'Dec 14, 2025 - 04:00 NY Time'),
(511, 3, 5923.57, 5920.81, 5997.40, 5863.10, 27.00, '+0.46%', '2025-12-14 17:00:03', 'Dec 14, 2025 - 04:00 NY Time'),
(512, 4, 670178.08, 669866.42, 678530.57, 663337.14, 3054.27, '+0.46%', '2025-12-14 17:00:03', 'Dec 14, 2025 - 04:00 NY Time'),
(513, 1, 4300.70, 4298.70, 4354.30, 4256.80, 19.60, '+0.46%', '2025-12-14 18:00:04', 'Dec 14, 2025 - 05:00 NY Time'),
(514, 2, 6465.46, 6462.45, 6546.04, 6399.46, 29.47, '+0.46%', '2025-12-14 18:00:04', 'Dec 14, 2025 - 05:00 NY Time'),
(515, 3, 5923.57, 5920.81, 5997.40, 5863.10, 27.00, '+0.46%', '2025-12-14 18:00:04', 'Dec 14, 2025 - 05:00 NY Time'),
(516, 4, 670178.08, 669866.42, 678530.57, 663337.14, 3054.27, '+0.46%', '2025-12-14 18:00:04', 'Dec 14, 2025 - 05:00 NY Time'),
(517, 1, 4300.70, 4298.70, 4354.30, 4256.80, 19.60, '+0.46%', '2025-12-14 19:00:04', 'Dec 14, 2025 - 06:00 NY Time'),
(518, 2, 6465.46, 6462.45, 6546.04, 6399.46, 29.47, '+0.46%', '2025-12-14 19:00:04', 'Dec 14, 2025 - 06:00 NY Time'),
(519, 3, 5923.57, 5920.81, 5997.40, 5863.10, 27.00, '+0.46%', '2025-12-14 19:00:04', 'Dec 14, 2025 - 06:00 NY Time'),
(520, 4, 670178.08, 669866.42, 678530.57, 663337.14, 3054.27, '+0.46%', '2025-12-14 19:00:04', 'Dec 14, 2025 - 06:00 NY Time'),
(521, 1, 4300.70, 4298.70, 4354.30, 4256.80, 19.60, '+0.46%', '2025-12-14 20:00:05', 'Dec 14, 2025 - 07:00 NY Time'),
(522, 2, 6465.46, 6462.45, 6546.04, 6399.46, 29.47, '+0.46%', '2025-12-14 20:00:05', 'Dec 14, 2025 - 07:00 NY Time'),
(523, 3, 5923.57, 5920.81, 5997.40, 5863.10, 27.00, '+0.46%', '2025-12-14 20:00:05', 'Dec 14, 2025 - 07:00 NY Time'),
(524, 4, 670178.08, 669866.42, 678530.57, 663337.14, 3054.27, '+0.46%', '2025-12-14 20:00:05', 'Dec 14, 2025 - 07:00 NY Time'),
(525, 1, 4300.70, 4298.70, 4354.30, 4256.80, 19.60, '+0.46%', '2025-12-14 21:00:04', 'Dec 14, 2025 - 08:00 NY Time'),
(526, 2, 6465.46, 6462.45, 6546.04, 6399.46, 29.47, '+0.46%', '2025-12-14 21:00:04', 'Dec 14, 2025 - 08:00 NY Time'),
(527, 3, 5923.57, 5920.81, 5997.40, 5863.10, 27.00, '+0.46%', '2025-12-14 21:00:04', 'Dec 14, 2025 - 08:00 NY Time'),
(528, 4, 670178.08, 669866.42, 678530.57, 663337.14, 3054.27, '+0.46%', '2025-12-14 21:00:04', 'Dec 14, 2025 - 08:00 NY Time'),
(529, 1, 4300.70, 4298.70, 4354.30, 4256.80, 19.60, '+0.46%', '2025-12-14 22:00:05', 'Dec 14, 2025 - 09:00 NY Time'),
(530, 2, 6465.46, 6462.45, 6546.04, 6399.46, 29.47, '+0.46%', '2025-12-14 22:00:05', 'Dec 14, 2025 - 09:00 NY Time'),
(531, 3, 5923.57, 5920.81, 5997.40, 5863.10, 27.00, '+0.46%', '2025-12-14 22:00:05', 'Dec 14, 2025 - 09:00 NY Time'),
(532, 4, 670178.08, 669866.42, 678530.57, 663337.14, 3054.27, '+0.46%', '2025-12-14 22:00:05', 'Dec 14, 2025 - 09:00 NY Time'),
(533, 1, 4300.70, 4298.70, 4354.30, 4256.80, 19.60, '+0.46%', '2025-12-14 23:00:04', 'Dec 14, 2025 - 10:00 NY Time'),
(534, 2, 6465.46, 6462.45, 6546.04, 6399.46, 29.47, '+0.46%', '2025-12-14 23:00:04', 'Dec 14, 2025 - 10:00 NY Time'),
(535, 3, 5923.57, 5920.81, 5997.40, 5863.10, 27.00, '+0.46%', '2025-12-14 23:00:04', 'Dec 14, 2025 - 10:00 NY Time'),
(536, 4, 670178.08, 669866.42, 678530.57, 663337.14, 3054.27, '+0.46%', '2025-12-14 23:00:04', 'Dec 14, 2025 - 10:00 NY Time'),
(537, 1, 4300.70, 4298.70, 4354.30, 4256.80, 19.60, '+0.46%', '2025-12-15 00:00:05', 'Dec 14, 2025 - 11:00 NY Time'),
(538, 2, 6465.46, 6462.45, 6546.04, 6399.46, 29.47, '+0.46%', '2025-12-15 00:00:05', 'Dec 14, 2025 - 11:00 NY Time'),
(539, 3, 5923.57, 5920.81, 5997.40, 5863.10, 27.00, '+0.46%', '2025-12-15 00:00:05', 'Dec 14, 2025 - 11:00 NY Time'),
(540, 4, 670178.08, 669866.42, 678530.57, 663337.14, 3054.27, '+0.46%', '2025-12-15 00:00:05', 'Dec 14, 2025 - 11:00 NY Time'),
(541, 1, 4300.70, 4298.70, 4354.30, 4256.80, 19.60, '+0.46%', '2025-12-15 01:00:05', 'Dec 14, 2025 - 12:00 NY Time'),
(542, 2, 6465.46, 6462.45, 6546.04, 6399.46, 29.47, '+0.46%', '2025-12-15 01:00:05', 'Dec 14, 2025 - 12:00 NY Time'),
(543, 3, 5923.57, 5920.81, 5997.40, 5863.10, 27.00, '+0.46%', '2025-12-15 01:00:05', 'Dec 14, 2025 - 12:00 NY Time'),
(544, 4, 670178.08, 669866.42, 678530.57, 663337.14, 3054.27, '+0.46%', '2025-12-15 01:00:05', 'Dec 14, 2025 - 12:00 NY Time'),
(545, 1, 4300.70, 4298.70, 4354.30, 4256.80, 19.60, '+0.46%', '2025-12-15 02:00:04', 'Dec 14, 2025 - 13:00 NY Time'),
(546, 2, 6465.46, 6462.45, 6546.04, 6399.46, 29.47, '+0.46%', '2025-12-15 02:00:04', 'Dec 14, 2025 - 13:00 NY Time'),
(547, 3, 5923.57, 5920.81, 5997.40, 5863.10, 27.00, '+0.46%', '2025-12-15 02:00:04', 'Dec 14, 2025 - 13:00 NY Time'),
(548, 4, 670178.08, 669866.42, 678530.57, 663337.14, 3054.27, '+0.46%', '2025-12-15 02:00:04', 'Dec 14, 2025 - 13:00 NY Time'),
(549, 1, 4300.70, 4298.70, 4354.30, 4256.80, 19.60, '+0.46%', '2025-12-15 03:00:05', 'Dec 14, 2025 - 14:00 NY Time'),
(550, 2, 6465.46, 6462.45, 6546.04, 6399.46, 29.47, '+0.46%', '2025-12-15 03:00:05', 'Dec 14, 2025 - 14:00 NY Time'),
(551, 3, 5923.57, 5920.81, 5997.40, 5863.10, 27.00, '+0.46%', '2025-12-15 03:00:05', 'Dec 14, 2025 - 14:00 NY Time'),
(552, 4, 670178.08, 669866.42, 678530.57, 663337.14, 3054.27, '+0.46%', '2025-12-15 03:00:05', 'Dec 14, 2025 - 14:00 NY Time'),
(553, 1, 4300.70, 4298.70, 4354.30, 4256.80, 19.60, '+0.46%', '2025-12-15 04:00:05', 'Dec 14, 2025 - 15:00 NY Time'),
(554, 2, 6465.46, 6462.45, 6546.04, 6399.46, 29.47, '+0.46%', '2025-12-15 04:00:05', 'Dec 14, 2025 - 15:00 NY Time'),
(555, 3, 5923.57, 5920.81, 5997.40, 5863.10, 27.00, '+0.46%', '2025-12-15 04:00:05', 'Dec 14, 2025 - 15:00 NY Time'),
(556, 4, 670178.08, 669866.42, 678530.57, 663337.14, 3054.27, '+0.46%', '2025-12-15 04:00:05', 'Dec 14, 2025 - 15:00 NY Time'),
(557, 1, 4300.70, 4298.70, 4354.30, 4256.80, 19.60, '+0.46%', '2025-12-15 05:00:04', 'Dec 14, 2025 - 16:00 NY Time'),
(558, 2, 6465.46, 6462.45, 6546.04, 6399.46, 29.47, '+0.46%', '2025-12-15 05:00:04', 'Dec 14, 2025 - 16:00 NY Time'),
(559, 3, 5923.57, 5920.81, 5997.40, 5863.10, 27.00, '+0.46%', '2025-12-15 05:00:04', 'Dec 14, 2025 - 16:00 NY Time'),
(560, 4, 670178.08, 669866.42, 678530.57, 663337.14, 3054.27, '+0.46%', '2025-12-15 05:00:04', 'Dec 14, 2025 - 16:00 NY Time'),
(561, 1, 4300.70, 4298.70, 4354.30, 4256.80, 19.60, '+0.46%', '2025-12-15 06:00:05', 'Dec 14, 2025 - 17:00 NY Time'),
(562, 2, 6465.46, 6462.45, 6546.04, 6399.46, 29.47, '+0.46%', '2025-12-15 06:00:05', 'Dec 14, 2025 - 17:00 NY Time'),
(563, 3, 5923.57, 5920.81, 5997.40, 5863.10, 27.00, '+0.46%', '2025-12-15 06:00:05', 'Dec 14, 2025 - 17:00 NY Time'),
(564, 4, 670178.08, 669866.42, 678530.57, 663337.14, 3054.27, '+0.46%', '2025-12-15 06:00:05', 'Dec 14, 2025 - 17:00 NY Time'),
(565, 1, 4300.70, 4298.70, 4354.30, 4256.80, 19.60, '+0.46%', '2025-12-15 07:00:05', 'Dec 14, 2025 - 18:00 NY Time'),
(566, 2, 6465.46, 6462.45, 6546.04, 6399.46, 29.47, '+0.46%', '2025-12-15 07:00:05', 'Dec 14, 2025 - 18:00 NY Time'),
(567, 3, 5923.57, 5920.81, 5997.40, 5863.10, 27.00, '+0.46%', '2025-12-15 07:00:05', 'Dec 14, 2025 - 18:00 NY Time'),
(568, 4, 670178.08, 669866.42, 678530.57, 663337.14, 3054.27, '+0.46%', '2025-12-15 07:00:05', 'Dec 14, 2025 - 18:00 NY Time'),
(569, 1, 4305.60, 4303.60, 4308.90, 4294.00, 4.90, '+0.11%', '2025-12-15 08:00:05', 'Dec 14, 2025 - 19:00 NY Time'),
(570, 2, 6478.42, 6475.41, 6483.39, 6460.97, 7.37, '+0.11%', '2025-12-15 08:00:05', 'Dec 14, 2025 - 19:00 NY Time'),
(571, 3, 5929.03, 5926.27, 5933.57, 5913.05, 6.75, '+0.11%', '2025-12-15 08:00:05', 'Dec 14, 2025 - 19:00 NY Time'),
(572, 4, 671187.07, 670875.29, 671701.49, 669378.78, 763.85, '+0.11%', '2025-12-15 08:00:05', 'Dec 14, 2025 - 19:00 NY Time'),
(573, 1, 4307.00, 4305.00, 4308.90, 4294.00, 6.30, '+0.15%', '2025-12-15 09:00:04', 'Dec 14, 2025 - 20:00 NY Time'),
(574, 2, 6480.53, 6477.52, 6483.39, 6460.97, 9.48, '+0.15%', '2025-12-15 09:00:04', 'Dec 14, 2025 - 20:00 NY Time'),
(575, 3, 5930.52, 5927.77, 5933.14, 5912.62, 8.67, '+0.15%', '2025-12-15 09:00:04', 'Dec 14, 2025 - 20:00 NY Time'),
(576, 4, 671504.37, 671192.55, 671800.60, 669477.54, 982.23, '+0.15%', '2025-12-15 09:00:04', 'Dec 14, 2025 - 20:00 NY Time'),
(577, 1, 4324.70, 4322.70, 4326.30, 4294.00, 24.00, '+0.56%', '2025-12-15 10:00:05', 'Dec 14, 2025 - 21:00 NY Time'),
(578, 2, 6501.11, 6498.10, 6503.51, 6454.96, 36.08, '+0.56%', '2025-12-15 10:00:05', 'Dec 14, 2025 - 21:00 NY Time'),
(579, 3, 5952.30, 5949.55, 5954.50, 5910.05, 33.03, '+0.56%', '2025-12-15 10:00:05', 'Dec 14, 2025 - 21:00 NY Time'),
(580, 4, 672966.57, 672655.35, 673215.54, 668189.34, 3734.64, '+0.56%', '2025-12-15 10:00:05', 'Dec 14, 2025 - 21:00 NY Time'),
(581, 1, 4327.90, 4325.90, 4330.10, 4294.00, 27.20, '+0.63%', '2025-12-15 11:00:05', 'Dec 14, 2025 - 22:00 NY Time'),
(582, 2, 6512.41, 6509.40, 6515.72, 6461.40, 40.93, '+0.63%', '2025-12-15 11:00:05', 'Dec 14, 2025 - 22:00 NY Time'),
(583, 3, 5958.00, 5955.25, 5961.03, 5911.34, 37.44, '+0.63%', '2025-12-15 11:00:05', 'Dec 14, 2025 - 22:00 NY Time'),
(584, 4, 672672.51, 672361.66, 673014.45, 667403.54, 4227.61, '+0.63%', '2025-12-15 11:00:05', 'Dec 14, 2025 - 22:00 NY Time'),
(585, 1, 4327.20, 4325.20, 4330.60, 4294.00, 26.50, '+0.62%', '2025-12-15 12:00:06', 'Dec 14, 2025 - 23:00 NY Time'),
(586, 2, 6513.09, 6510.07, 6518.20, 6463.11, 39.89, '+0.62%', '2025-12-15 12:00:06', 'Dec 14, 2025 - 23:00 NY Time'),
(587, 3, 5958.77, 5956.02, 5963.45, 5913.05, 36.49, '+0.62%', '2025-12-15 12:00:06', 'Dec 14, 2025 - 23:00 NY Time'),
(588, 4, 672477.17, 672166.36, 673005.55, 667317.66, 4118.29, '+0.62%', '2025-12-15 12:00:06', 'Dec 14, 2025 - 23:00 NY Time'),
(589, 1, 4327.20, 4325.20, 4330.80, 4294.00, 26.50, '+0.62%', '2025-12-15 13:00:05', 'Dec 15, 2025 - 00:00 NY Time'),
(590, 2, 6513.09, 6510.07, 6518.50, 6463.11, 39.89, '+0.62%', '2025-12-15 13:00:05', 'Dec 15, 2025 - 00:00 NY Time'),
(591, 3, 5957.91, 5955.15, 5962.86, 5912.19, 36.49, '+0.62%', '2025-12-15 13:00:05', 'Dec 15, 2025 - 00:00 NY Time'),
(592, 4, 671828.09, 671517.58, 672387.02, 666673.56, 4114.31, '+0.62%', '2025-12-15 13:00:05', 'Dec 15, 2025 - 00:00 NY Time'),
(593, 1, 4344.20, 4342.20, 4344.00, 4294.00, 43.50, '+1.01%', '2025-12-15 14:00:09', 'Dec 15, 2025 - 01:00 NY Time'),
(594, 2, 6537.80, 6534.79, 6537.50, 6462.26, 65.47, '+1.01%', '2025-12-15 14:00:09', 'Dec 15, 2025 - 01:00 NY Time'),
(595, 3, 5980.88, 5978.12, 5980.60, 5911.76, 59.89, '+1.01%', '2025-12-15 14:00:09', 'Dec 15, 2025 - 01:00 NY Time'),
(596, 4, 673589.93, 673279.82, 673558.92, 665806.17, 6744.89, '+1.01%', '2025-12-15 14:00:09', 'Dec 15, 2025 - 01:00 NY Time'),
(597, 1, 4345.70, 4343.70, 4348.40, 4294.00, 45.00, '+1.05%', '2025-12-15 15:00:06', 'Dec 15, 2025 - 02:00 NY Time'),
(598, 2, 6537.89, 6534.88, 6541.95, 6460.11, 67.70, '+1.05%', '2025-12-15 15:00:06', 'Dec 15, 2025 - 02:00 NY Time'),
(599, 3, 5982.51, 5979.75, 5986.22, 5911.34, 61.95, '+1.05%', '2025-12-15 15:00:06', 'Dec 15, 2025 - 02:00 NY Time'),
(600, 4, 673865.97, 673555.84, 674284.65, 665849.11, 6977.93, '+1.05%', '2025-12-15 15:00:06', 'Dec 15, 2025 - 02:00 NY Time'),
(601, 1, 4342.00, 4340.00, 4348.40, 4294.00, 41.30, '+0.96%', '2025-12-15 16:00:07', 'Dec 15, 2025 - 03:00 NY Time'),
(602, 2, 6532.76, 6529.75, 6542.39, 6460.54, 62.14, '+0.96%', '2025-12-15 16:00:07', 'Dec 15, 2025 - 03:00 NY Time'),
(603, 3, 5976.55, 5973.79, 5985.36, 5910.48, 56.85, '+0.96%', '2025-12-15 16:00:07', 'Dec 15, 2025 - 03:00 NY Time'),
(604, 4, 674073.79, 673763.30, 675067.36, 666622.03, 6411.62, '+0.96%', '2025-12-15 16:00:07', 'Dec 15, 2025 - 03:00 NY Time');

-- --------------------------------------------------------

--
-- Table structure for table `gold_unit_prices`
--

CREATE TABLE `gold_unit_prices` (
  `id` int NOT NULL,
  `currency_id` int NOT NULL,
  `gold_id` int NOT NULL,
  `unit_id` int NOT NULL,
  `price` decimal(12,2) NOT NULL
) ENGINE=InnoDB DEFAULT CHARSET=utf8mb4 COLLATE=utf8mb4_0900_ai_ci;

--
-- Dumping data for table `gold_unit_prices`
--

INSERT INTO `gold_unit_prices` (`id`, `currency_id`, `gold_id`, `unit_id`, `price`) VALUES
(1, 1, 1, 1, 4197.30),
(2, 1, 1, 2, 134.95),
(3, 1, 1, 3, 134948.40),
(4, 1, 1, 4, 209.87),
(5, 1, 1, 5, 1573.99),
(6, 1, 1, 6, 5100.89),
(7, 2, 2, 1, 6320.29),
(8, 2, 2, 2, 203.21),
(9, 2, 2, 3, 203205.30),
(10, 2, 2, 4, 316.02),
(11, 2, 2, 5, 2370.11),
(12, 2, 2, 6, 7680.92),
(13, 3, 3, 1, 5801.30),
(14, 3, 3, 2, 186.52),
(15, 3, 3, 3, 186518.93),
(16, 3, 3, 4, 290.07),
(17, 3, 3, 5, 2175.49),
(18, 3, 3, 6, 7050.20),
(19, 4, 4, 1, 652077.84),
(20, 4, 4, 2, 20965.36),
(21, 4, 4, 3, 20965111.10),
(22, 4, 4, 4, 32604.67),
(23, 4, 4, 5, 244529.58),
(24, 4, 4, 6, 792456.42),
(25, 1, 5, 1, 4197.30),
(26, 1, 5, 2, 134.95),
(27, 1, 5, 3, 134948.40),
(28, 1, 5, 4, 209.87),
(29, 1, 5, 5, 1573.99),
(30, 1, 5, 6, 5100.89),
(31, 2, 6, 1, 6320.29),
(32, 2, 6, 2, 203.21),
(33, 2, 6, 3, 203205.30),
(34, 2, 6, 4, 316.02),
(35, 2, 6, 5, 2370.11),
(36, 2, 6, 6, 7680.92),
(37, 3, 7, 1, 5801.30),
(38, 3, 7, 2, 186.52),
(39, 3, 7, 3, 186518.93),
(40, 3, 7, 4, 290.07),
(41, 3, 7, 5, 2175.49),
(42, 3, 7, 6, 7050.20),
(43, 4, 8, 1, 652077.84),
(44, 4, 8, 2, 20965.36),
(45, 4, 8, 3, 20965111.10),
(46, 4, 8, 4, 32604.67),
(47, 4, 8, 5, 244529.58),
(48, 4, 8, 6, 792456.42),
(49, 1, 9, 1, 4208.10),
(50, 1, 9, 2, 135.29),
(51, 1, 9, 3, 135295.63),
(52, 1, 9, 4, 210.41),
(53, 1, 9, 5, 1578.04),
(54, 1, 9, 6, 5114.01),
(55, 2, 10, 1, 6334.66),
(56, 2, 10, 2, 203.66),
(57, 2, 10, 3, 203667.28),
(58, 2, 10, 4, 316.74),
(59, 2, 10, 5, 2375.50),
(60, 2, 10, 6, 7698.37),
(61, 3, 11, 1, 5817.91),
(62, 3, 11, 2, 187.05),
(63, 3, 11, 3, 187052.97),
(64, 3, 11, 4, 290.90),
(65, 3, 11, 5, 2181.72),
(66, 3, 11, 6, 7070.37),
(67, 4, 12, 1, 652310.21),
(68, 4, 12, 2, 20971.71),
(69, 4, 12, 3, 20972581.49),
(70, 4, 12, 4, 32616.29),
(71, 4, 12, 5, 244616.71),
(72, 4, 12, 6, 792738.03),
(73, 1, 13, 1, 4208.70),
(74, 1, 13, 2, 135.31),
(75, 1, 13, 3, 135314.92),
(76, 1, 13, 4, 210.44),
(77, 1, 13, 5, 1578.26),
(78, 1, 13, 6, 5114.74),
(79, 2, 14, 1, 6342.72),
(80, 2, 14, 2, 203.92),
(81, 2, 14, 3, 203926.35),
(82, 2, 14, 4, 317.14),
(83, 2, 14, 5, 2378.52),
(84, 2, 14, 6, 7708.17),
(85, 3, 15, 1, 5819.16),
(86, 3, 15, 2, 187.09),
(87, 3, 15, 3, 187093.17),
(88, 3, 15, 4, 290.96),
(89, 3, 15, 5, 2182.18),
(90, 3, 15, 6, 7071.90),
(91, 4, 16, 1, 654276.08),
(92, 4, 16, 2, 21035.02),
(93, 4, 16, 3, 21035786.83),
(94, 4, 16, 4, 32714.58),
(95, 4, 16, 5, 245353.14),
(96, 4, 16, 6, 795127.25),
(97, 1, 17, 1, 4205.10),
(98, 1, 17, 2, 135.20),
(99, 1, 17, 3, 135199.18),
(100, 1, 17, 4, 210.26),
(101, 1, 17, 5, 1576.91),
(102, 1, 17, 6, 5110.37),
(103, 2, 18, 1, 6339.40),
(104, 2, 18, 2, 203.82),
(105, 2, 18, 3, 203819.52),
(106, 2, 18, 4, 316.98),
(107, 2, 18, 5, 2377.27),
(108, 2, 18, 6, 7704.14),
(109, 3, 19, 1, 5814.18),
(110, 3, 19, 2, 186.93),
(111, 3, 19, 3, 186933.15),
(112, 3, 19, 4, 290.72),
(113, 3, 19, 5, 2180.31),
(114, 3, 19, 6, 7065.85),
(115, 4, 20, 1, 654023.41),
(116, 4, 20, 2, 21027.79),
(117, 4, 20, 3, 21027663.66),
(118, 4, 20, 4, 32701.95),
(119, 4, 20, 5, 245258.39),
(120, 4, 20, 6, 794820.96),
(127, 1, 21, 1, 4208.80),
(128, 1, 21, 2, 135.32),
(129, 1, 21, 3, 135318.14),
(130, 1, 21, 4, 210.44),
(131, 1, 21, 5, 1578.30),
(132, 1, 21, 6, 5114.86),
(133, 2, 22, 1, 6344.13),
(134, 2, 22, 2, 203.97),
(135, 2, 22, 3, 203971.80),
(136, 2, 22, 4, 317.21),
(137, 2, 22, 5, 2379.05),
(138, 2, 22, 6, 7709.88),
(139, 3, 23, 1, 5811.72),
(140, 3, 23, 2, 186.86),
(141, 3, 23, 3, 186854.05),
(142, 3, 23, 4, 290.59),
(143, 3, 23, 5, 2179.40),
(144, 3, 23, 6, 7062.85),
(145, 4, 24, 1, 655061.84),
(146, 4, 24, 2, 21061.34),
(147, 4, 24, 3, 21061050.63),
(148, 4, 24, 4, 32753.09),
(149, 4, 24, 5, 245648.19),
(150, 4, 24, 6, 796081.93),
(151, 1, 25, 1, 4199.70),
(152, 1, 25, 2, 135.02),
(153, 1, 25, 3, 135025.56),
(154, 1, 25, 4, 209.99),
(155, 1, 25, 5, 1574.89),
(156, 1, 25, 6, 5103.80),
(157, 2, 26, 1, 6329.58),
(158, 2, 26, 2, 203.50),
(159, 2, 26, 3, 203503.77),
(160, 2, 26, 4, 316.49),
(161, 2, 26, 5, 2373.60),
(162, 2, 26, 6, 7692.19),
(163, 3, 27, 1, 5801.26),
(164, 3, 27, 2, 186.51),
(165, 3, 27, 3, 186517.56),
(166, 3, 27, 4, 290.07),
(167, 3, 27, 5, 2175.47),
(168, 3, 27, 6, 7050.13),
(169, 4, 28, 1, 653674.91),
(170, 4, 28, 2, 21015.59),
(171, 4, 28, 3, 21016458.36),
(172, 4, 28, 4, 32684.52),
(173, 4, 28, 5, 245128.48),
(174, 4, 28, 6, 794396.26),
(175, 1, 29, 1, 4200.20),
(176, 1, 29, 2, 135.04),
(177, 1, 29, 3, 135041.64),
(178, 1, 29, 4, 210.01),
(179, 1, 29, 5, 1575.08),
(180, 1, 29, 6, 5104.41),
(181, 2, 30, 1, 6334.95),
(182, 2, 30, 2, 203.67),
(183, 2, 30, 3, 203676.55),
(184, 2, 30, 4, 316.75),
(185, 2, 30, 5, 2375.61),
(186, 2, 30, 6, 7698.73),
(187, 3, 31, 1, 5805.73),
(188, 3, 31, 2, 186.66),
(189, 3, 31, 3, 186661.31),
(190, 3, 31, 4, 290.29),
(191, 3, 31, 5, 2177.15),
(192, 3, 31, 6, 7055.57),
(193, 4, 32, 1, 654487.76),
(194, 4, 32, 2, 21042.34),
(195, 4, 32, 3, 21042593.47),
(196, 4, 32, 4, 32724.39),
(197, 4, 32, 5, 245433.69),
(198, 4, 32, 6, 795384.48),
(199, 1, 33, 1, 4183.00),
(200, 1, 33, 2, 134.49),
(201, 1, 33, 3, 134488.63),
(202, 1, 33, 4, 209.15),
(203, 1, 33, 5, 1568.63),
(204, 1, 33, 6, 5083.51),
(205, 2, 34, 1, 6321.56),
(206, 2, 34, 2, 203.25),
(207, 2, 34, 3, 203245.94),
(208, 2, 34, 4, 316.08),
(209, 2, 34, 5, 2370.59),
(210, 2, 34, 6, 7682.45),
(211, 3, 35, 1, 5791.99),
(212, 3, 35, 2, 186.22),
(213, 3, 35, 3, 186219.68),
(214, 3, 35, 4, 289.60),
(215, 3, 35, 5, 2172.00),
(216, 3, 35, 6, 7038.88),
(217, 4, 36, 1, 652041.86),
(218, 4, 36, 2, 20964.17),
(219, 4, 36, 3, 20963953.16),
(220, 4, 36, 4, 32602.09),
(221, 4, 36, 5, 244516.48),
(222, 4, 36, 6, 792412.46),
(223, 1, 37, 1, 4192.80),
(224, 1, 37, 2, 134.80),
(225, 1, 37, 3, 134803.72),
(226, 1, 37, 4, 209.64),
(227, 1, 37, 5, 1572.30),
(228, 1, 37, 6, 5095.42),
(229, 2, 38, 1, 6330.50),
(230, 2, 38, 2, 203.53),
(231, 2, 38, 3, 203533.40),
(232, 2, 38, 4, 316.52),
(233, 2, 38, 5, 2373.94),
(234, 2, 38, 6, 7693.32),
(235, 3, 39, 1, 5808.08),
(236, 3, 39, 2, 186.73),
(237, 3, 39, 3, 186736.85),
(238, 3, 39, 4, 290.40),
(239, 3, 39, 5, 2178.03),
(240, 3, 39, 6, 7058.43),
(241, 4, 40, 1, 653552.70),
(242, 4, 40, 2, 21011.95),
(243, 4, 40, 3, 21012529.86),
(244, 4, 40, 4, 32677.64),
(245, 4, 40, 5, 245082.26),
(246, 4, 40, 6, 794248.59),
(247, 1, 41, 1, 4189.90),
(248, 1, 41, 2, 134.71),
(249, 1, 41, 3, 134710.48),
(250, 1, 41, 4, 209.50),
(251, 1, 41, 5, 1571.21),
(252, 1, 41, 6, 5091.89),
(253, 2, 42, 1, 6329.05),
(254, 2, 42, 2, 203.49),
(255, 2, 42, 3, 203486.92),
(256, 2, 42, 4, 316.46),
(257, 2, 42, 5, 2373.39),
(258, 2, 42, 6, 7691.55),
(259, 3, 43, 1, 5805.32),
(260, 3, 43, 2, 186.65),
(261, 3, 43, 3, 186648.11),
(262, 3, 43, 4, 290.27),
(263, 3, 43, 5, 2176.99),
(264, 3, 43, 6, 7055.07),
(265, 4, 44, 1, 653657.92),
(266, 4, 44, 2, 21015.84),
(267, 4, 44, 3, 21015912.56),
(268, 4, 44, 4, 32683.68),
(269, 4, 44, 5, 245121.33),
(270, 4, 44, 6, 794375.58),
(271, 1, 45, 1, 4195.40),
(272, 1, 45, 2, 134.89),
(273, 1, 45, 3, 134887.31),
(274, 1, 45, 4, 209.77),
(275, 1, 45, 5, 1573.28),
(276, 1, 45, 6, 5098.58),
(277, 2, 46, 1, 6333.17),
(278, 2, 46, 2, 203.62),
(279, 2, 46, 3, 203619.14),
(280, 2, 46, 4, 316.66),
(281, 2, 46, 5, 2374.94),
(282, 2, 46, 6, 7696.56),
(283, 3, 47, 1, 5811.26),
(284, 3, 47, 2, 186.84),
(285, 3, 47, 3, 186839.16),
(286, 3, 47, 4, 290.56),
(287, 3, 47, 5, 2179.23),
(288, 3, 47, 6, 7062.30),
(289, 4, 48, 1, 653647.52),
(290, 4, 48, 2, 21016.00),
(291, 4, 48, 3, 21015577.79),
(292, 4, 48, 4, 32682.38),
(293, 4, 48, 5, 245118.60),
(294, 4, 48, 6, 794363.86),
(295, 1, 49, 1, 4188.70),
(296, 1, 49, 2, 134.67),
(297, 1, 49, 3, 134671.90),
(298, 1, 49, 4, 209.44),
(299, 1, 49, 5, 1570.76),
(300, 1, 49, 6, 5090.43),
(301, 2, 50, 1, 6320.96),
(302, 2, 50, 2, 203.22),
(303, 2, 50, 3, 203226.63),
(304, 2, 50, 4, 316.06),
(305, 2, 50, 5, 2370.36),
(306, 2, 50, 6, 7681.71),
(307, 3, 51, 1, 5802.82),
(308, 3, 51, 2, 186.57),
(309, 3, 51, 3, 186567.72),
(310, 3, 51, 4, 290.15),
(311, 3, 51, 5, 2176.05),
(312, 3, 51, 6, 7052.03),
(313, 4, 52, 1, 652997.39),
(314, 4, 52, 2, 20994.38),
(315, 4, 52, 3, 20994675.85),
(316, 4, 52, 4, 32650.65),
(317, 4, 52, 5, 244873.63),
(318, 4, 52, 6, 793572.58),
(319, 1, 53, 1, 4194.20),
(320, 1, 53, 2, 134.85),
(321, 1, 53, 3, 134848.73),
(322, 1, 53, 4, 209.71),
(323, 1, 53, 5, 1572.83),
(324, 1, 53, 6, 5097.12),
(325, 2, 54, 1, 6331.35),
(326, 2, 54, 2, 203.56),
(327, 2, 54, 3, 203560.90),
(328, 2, 54, 4, 316.57),
(329, 2, 54, 5, 2374.27),
(330, 2, 54, 6, 7694.36),
(331, 3, 55, 1, 5808.76),
(332, 3, 55, 2, 186.76),
(333, 3, 55, 3, 186758.75),
(334, 3, 55, 4, 290.44),
(335, 3, 55, 5, 2178.29),
(336, 3, 55, 6, 7059.26),
(337, 4, 56, 1, 653531.86),
(338, 4, 56, 2, 21012.06),
(339, 4, 56, 3, 21011859.41),
(340, 4, 56, 4, 32676.59),
(341, 4, 56, 5, 245075.22),
(342, 4, 56, 6, 794223.04),
(343, 1, 57, 1, 4186.80),
(344, 1, 57, 2, 134.61),
(345, 1, 57, 3, 134610.81),
(346, 1, 57, 4, 209.34),
(347, 1, 57, 5, 1570.05),
(348, 1, 57, 6, 5088.13),
(349, 2, 58, 1, 6300.51),
(350, 2, 58, 2, 202.57),
(351, 2, 58, 3, 202569.08),
(352, 2, 58, 4, 315.03),
(353, 2, 58, 5, 2362.69),
(354, 2, 58, 6, 7656.87),
(355, 3, 59, 1, 5798.09),
(356, 3, 59, 2, 186.41),
(357, 3, 59, 3, 186415.78),
(358, 3, 59, 4, 289.90),
(359, 3, 59, 5, 2174.28),
(360, 3, 59, 6, 7046.30),
(361, 4, 60, 1, 652931.46),
(362, 4, 60, 2, 20992.43),
(363, 4, 60, 3, 20992555.82),
(364, 4, 60, 4, 32646.57),
(365, 4, 60, 5, 244849.30),
(366, 4, 60, 6, 793493.87),
(367, 1, 61, 1, 4177.80),
(368, 1, 61, 2, 134.32),
(369, 1, 61, 3, 134321.45),
(370, 1, 61, 4, 208.89),
(371, 1, 61, 5, 1566.68),
(372, 1, 61, 6, 5077.19),
(373, 2, 62, 1, 6289.05),
(374, 2, 62, 2, 202.20),
(375, 2, 62, 3, 202200.79),
(376, 2, 62, 4, 314.45),
(377, 2, 62, 5, 2358.40),
(378, 2, 62, 6, 7642.95),
(379, 3, 63, 1, 5787.30),
(380, 3, 63, 2, 186.07),
(381, 3, 63, 3, 186068.79),
(382, 3, 63, 4, 289.36),
(383, 3, 63, 5, 2170.24),
(384, 3, 63, 6, 7033.18),
(385, 4, 64, 1, 651665.78),
(386, 4, 64, 2, 20951.64),
(387, 4, 64, 3, 20951862.74),
(388, 4, 64, 4, 32583.29),
(389, 4, 64, 5, 244375.45),
(390, 4, 64, 6, 791955.33),
(391, 1, 65, 1, 4181.60),
(392, 1, 65, 2, 134.44),
(393, 1, 65, 3, 134443.62),
(394, 1, 65, 4, 209.08),
(395, 1, 65, 5, 1568.10),
(396, 1, 65, 6, 5081.81),
(397, 2, 66, 1, 6296.44),
(398, 2, 66, 2, 202.43),
(399, 2, 66, 3, 202438.48),
(400, 2, 66, 4, 314.82),
(401, 2, 66, 5, 2361.17),
(402, 2, 66, 6, 7651.94),
(403, 3, 67, 1, 5794.23),
(404, 3, 67, 2, 186.29),
(405, 3, 67, 3, 186291.80),
(406, 3, 67, 4, 289.71),
(407, 3, 67, 5, 2172.84),
(408, 3, 67, 6, 7041.61),
(409, 4, 68, 1, 652342.14),
(410, 4, 68, 2, 20973.04),
(411, 4, 68, 3, 20973608.05),
(412, 4, 68, 4, 32617.11),
(413, 4, 68, 5, 244628.30),
(414, 4, 68, 6, 792777.61),
(415, 1, 69, 1, 4181.60),
(416, 1, 69, 2, 134.44),
(417, 1, 69, 3, 134443.62),
(418, 1, 69, 4, 209.08),
(419, 1, 69, 5, 1568.10),
(420, 1, 69, 6, 5081.81),
(421, 2, 70, 1, 6300.63),
(422, 2, 70, 2, 202.57),
(423, 2, 70, 3, 202572.92),
(424, 2, 70, 4, 315.03),
(425, 2, 70, 5, 2362.73),
(426, 2, 70, 6, 7657.02),
(427, 3, 71, 1, 5795.07),
(428, 3, 71, 2, 186.31),
(429, 3, 71, 3, 186318.69),
(430, 3, 71, 4, 289.75),
(431, 3, 71, 5, 2173.15),
(432, 3, 71, 6, 7042.63),
(433, 4, 72, 1, 653111.56),
(434, 4, 72, 2, 20997.78),
(435, 4, 72, 3, 20998345.68),
(436, 4, 72, 4, 32655.58),
(437, 4, 72, 5, 244916.83),
(438, 4, 72, 6, 793712.66),
(439, 1, 73, 1, 4190.30),
(440, 1, 73, 2, 134.72),
(441, 1, 73, 3, 134723.34),
(442, 1, 73, 4, 209.52),
(443, 1, 73, 5, 1571.36),
(444, 1, 73, 6, 5092.38),
(445, 2, 74, 1, 6314.57),
(446, 2, 74, 2, 203.02),
(447, 2, 74, 3, 203021.34),
(448, 2, 74, 4, 315.74),
(449, 2, 74, 5, 2367.96),
(450, 2, 74, 6, 7673.96),
(451, 3, 75, 1, 5806.71),
(452, 3, 75, 2, 186.69),
(453, 3, 75, 3, 186692.87),
(454, 3, 75, 4, 290.34),
(455, 3, 75, 5, 2177.51),
(456, 3, 75, 6, 7056.77),
(457, 4, 76, 1, 655048.65),
(458, 4, 76, 2, 21060.10),
(459, 4, 76, 3, 21060626.13),
(460, 4, 76, 4, 32753.21),
(461, 4, 76, 5, 245642.85),
(462, 4, 76, 6, 796066.30),
(463, 1, 77, 1, 4202.60),
(464, 1, 77, 2, 135.12),
(465, 1, 77, 3, 135118.80),
(466, 1, 77, 4, 210.13),
(467, 1, 77, 5, 1575.98),
(468, 1, 77, 6, 5107.33),
(469, 2, 78, 1, 6331.43),
(470, 2, 78, 2, 203.57),
(471, 2, 78, 3, 203563.23),
(472, 2, 78, 4, 316.57),
(473, 2, 78, 5, 2374.29),
(474, 2, 78, 6, 7694.45),
(475, 3, 79, 1, 5819.13),
(476, 3, 79, 2, 187.09),
(477, 3, 79, 3, 187092.25),
(478, 3, 79, 4, 290.96),
(479, 3, 79, 5, 2182.18),
(480, 3, 79, 6, 7071.86),
(481, 4, 80, 1, 656072.09),
(482, 4, 80, 2, 21093.72),
(483, 4, 80, 3, 21093530.99),
(484, 4, 80, 4, 32803.60),
(485, 4, 80, 5, 246027.81),
(486, 4, 80, 6, 797310.39),
(487, 1, 81, 1, 4202.20),
(488, 1, 81, 2, 135.10),
(489, 1, 81, 3, 135105.94),
(490, 1, 81, 4, 210.11),
(491, 1, 81, 5, 1575.83),
(492, 1, 81, 6, 5106.84),
(493, 2, 82, 1, 6331.24),
(494, 2, 82, 2, 203.55),
(495, 2, 82, 3, 203557.36),
(496, 2, 82, 4, 316.56),
(497, 2, 82, 5, 2374.22),
(498, 2, 82, 6, 7694.22),
(499, 3, 83, 1, 5818.58),
(500, 3, 83, 2, 187.07),
(501, 3, 83, 3, 187074.44),
(502, 3, 83, 4, 290.93),
(503, 3, 83, 5, 2181.97),
(504, 3, 83, 6, 7071.19),
(505, 4, 84, 1, 656329.01),
(506, 4, 84, 2, 21100.86),
(507, 4, 84, 3, 21101791.45),
(508, 4, 84, 4, 32816.45),
(509, 4, 84, 5, 246124.16),
(510, 4, 84, 6, 797622.02),
(511, 1, 85, 1, 4203.00),
(512, 1, 85, 2, 135.13),
(513, 1, 85, 3, 135131.66),
(514, 1, 85, 4, 210.15),
(515, 1, 85, 5, 1576.13),
(516, 1, 85, 6, 5107.81),
(517, 2, 86, 1, 6332.87),
(518, 2, 86, 2, 203.61),
(519, 2, 86, 3, 203609.63),
(520, 2, 86, 4, 316.64),
(521, 2, 86, 5, 2374.83),
(522, 2, 86, 6, 7696.19),
(523, 3, 87, 1, 5820.52),
(524, 3, 87, 2, 187.13),
(525, 3, 87, 3, 187137.08),
(526, 3, 87, 4, 291.03),
(527, 3, 87, 5, 2182.70),
(528, 3, 87, 6, 7073.55),
(529, 4, 88, 1, 657155.86),
(530, 4, 88, 2, 21128.12),
(531, 4, 88, 3, 21128375.57),
(532, 4, 88, 4, 32857.79),
(533, 4, 88, 5, 246434.23),
(534, 4, 88, 6, 798626.52),
(535, 1, 89, 1, 4201.40),
(536, 1, 89, 2, 135.08),
(537, 1, 89, 3, 135080.22),
(538, 1, 89, 4, 210.07),
(539, 1, 89, 5, 1575.53),
(540, 1, 89, 6, 5105.87),
(541, 2, 90, 1, 6329.20),
(542, 2, 90, 2, 203.49),
(543, 2, 90, 3, 203491.60),
(544, 2, 90, 4, 316.46),
(545, 2, 90, 5, 2373.46),
(546, 2, 90, 6, 7691.74),
(547, 3, 91, 1, 5815.79),
(548, 3, 91, 2, 186.98),
(549, 3, 91, 3, 186984.79),
(550, 3, 91, 4, 290.79),
(551, 3, 91, 5, 2180.93),
(552, 3, 91, 6, 7067.80),
(553, 4, 92, 1, 656867.88),
(554, 4, 92, 2, 21119.08),
(555, 4, 92, 3, 21119117.00),
(556, 4, 92, 4, 32843.39),
(557, 4, 92, 5, 246326.24),
(558, 4, 92, 6, 798277.25),
(559, 1, 93, 1, 4204.50),
(560, 1, 93, 2, 135.18),
(561, 1, 93, 3, 135179.89),
(562, 1, 93, 4, 210.23),
(563, 1, 93, 5, 1576.69),
(564, 1, 93, 6, 5109.64),
(565, 2, 94, 1, 6325.88),
(566, 2, 94, 2, 203.39),
(567, 2, 94, 3, 203384.90),
(568, 2, 94, 4, 316.30),
(569, 2, 94, 5, 2372.21),
(570, 2, 94, 6, 7687.71),
(571, 3, 95, 1, 5814.19),
(572, 3, 95, 2, 186.93),
(573, 3, 95, 3, 186933.51),
(574, 3, 95, 4, 290.72),
(575, 3, 95, 5, 2180.33),
(576, 3, 95, 6, 7065.87),
(577, 4, 96, 1, 657693.12),
(578, 4, 96, 2, 21145.67),
(579, 4, 96, 3, 21145649.47),
(580, 4, 96, 4, 32885.44),
(581, 4, 96, 5, 246635.31),
(582, 4, 96, 6, 799280.55),
(583, 1, 97, 1, 4210.80),
(584, 1, 97, 2, 135.38),
(585, 1, 97, 3, 135382.44),
(586, 1, 97, 4, 210.54),
(587, 1, 97, 5, 1579.05),
(588, 1, 97, 6, 5117.29),
(589, 2, 98, 1, 6338.31),
(590, 2, 98, 2, 203.78),
(591, 2, 98, 3, 203784.42),
(592, 2, 98, 4, 316.92),
(593, 2, 98, 5, 2376.87),
(594, 2, 98, 6, 7702.80),
(595, 3, 99, 1, 5828.80),
(596, 3, 99, 2, 187.40),
(597, 3, 99, 3, 187403.14),
(598, 3, 99, 4, 291.44),
(599, 3, 99, 5, 2185.80),
(600, 3, 99, 6, 7083.61),
(601, 4, 100, 1, 660682.94),
(602, 4, 100, 2, 21241.39),
(603, 4, 100, 3, 21241775.60),
(604, 4, 100, 4, 33034.15),
(605, 4, 100, 5, 247756.10),
(606, 4, 100, 6, 802913.04),
(607, 1, 101, 1, 4216.20),
(608, 1, 101, 2, 135.55),
(609, 1, 101, 3, 135556.06),
(610, 1, 101, 4, 210.81),
(611, 1, 101, 5, 1581.08),
(612, 1, 101, 6, 5123.86),
(613, 2, 102, 1, 6354.02),
(614, 2, 102, 2, 204.28),
(615, 2, 102, 3, 204289.76),
(616, 2, 102, 4, 317.70),
(617, 2, 102, 5, 2382.77),
(618, 2, 102, 6, 7721.91),
(619, 3, 103, 1, 5843.02),
(620, 3, 103, 2, 187.85),
(621, 3, 103, 3, 187860.37),
(622, 3, 103, 4, 292.15),
(623, 3, 103, 5, 2191.14),
(624, 3, 103, 6, 7100.90),
(625, 4, 104, 1, 660522.54),
(626, 4, 104, 2, 21235.67),
(627, 4, 104, 3, 21236619.03),
(628, 4, 104, 4, 33026.13),
(629, 4, 104, 5, 247696.74),
(630, 4, 104, 6, 802719.28),
(631, 1, 105, 1, 4204.30),
(632, 1, 105, 2, 135.17),
(633, 1, 105, 3, 135173.46),
(634, 1, 105, 4, 210.22),
(635, 1, 105, 5, 1576.61),
(636, 1, 105, 6, 5109.39),
(637, 2, 106, 1, 6334.83),
(638, 2, 106, 2, 203.67),
(639, 2, 106, 3, 203672.61),
(640, 2, 106, 4, 316.75),
(641, 2, 106, 5, 2375.56),
(642, 2, 106, 6, 7698.57),
(643, 3, 107, 1, 5826.11),
(644, 3, 107, 2, 187.31),
(645, 3, 107, 3, 187316.62),
(646, 3, 107, 4, 291.31),
(647, 3, 107, 5, 2184.79),
(648, 3, 107, 6, 7080.34),
(649, 4, 108, 1, 658330.32),
(650, 4, 108, 2, 21165.59),
(651, 4, 108, 3, 21166136.23),
(652, 4, 108, 4, 32917.30),
(653, 4, 108, 5, 246873.48),
(654, 4, 108, 6, 800053.83),
(655, 1, 109, 1, 4206.20),
(656, 1, 109, 2, 135.23),
(657, 1, 109, 3, 135234.54),
(658, 1, 109, 4, 210.31),
(659, 1, 109, 5, 1577.33),
(660, 1, 109, 6, 5111.70),
(661, 2, 110, 1, 6335.17),
(662, 2, 110, 2, 203.68),
(663, 2, 110, 3, 203683.50),
(664, 2, 110, 4, 316.76),
(665, 2, 110, 5, 2375.70),
(666, 2, 110, 6, 7698.99),
(667, 3, 111, 1, 5828.74),
(668, 3, 111, 2, 187.39),
(669, 3, 111, 3, 187401.26),
(670, 3, 111, 4, 291.44),
(671, 3, 111, 5, 2185.79),
(672, 3, 111, 6, 7083.54),
(673, 4, 112, 1, 658762.43),
(674, 4, 112, 2, 21179.32),
(675, 4, 112, 3, 21180027.95),
(676, 4, 112, 4, 32938.12),
(677, 4, 112, 5, 247036.69),
(678, 4, 112, 6, 800579.12),
(679, 1, 113, 1, 4211.20),
(680, 1, 113, 2, 135.39),
(681, 1, 113, 3, 135395.30),
(682, 1, 113, 4, 210.56),
(683, 1, 113, 5, 1579.20),
(684, 1, 113, 6, 5117.78),
(685, 2, 114, 1, 6340.59),
(686, 2, 114, 2, 203.85),
(687, 2, 114, 3, 203857.93),
(688, 2, 114, 4, 317.03),
(689, 2, 114, 5, 2377.72),
(690, 2, 114, 6, 7705.59),
(691, 3, 115, 1, 5835.25),
(692, 3, 115, 2, 187.60),
(693, 3, 115, 3, 187610.50),
(694, 3, 115, 4, 291.76),
(695, 3, 115, 5, 2188.22),
(696, 3, 115, 6, 7091.45),
(697, 4, 116, 1, 659949.79),
(698, 4, 116, 2, 21217.37),
(699, 4, 116, 3, 21218203.65),
(700, 4, 116, 4, 32997.49),
(701, 4, 116, 5, 247481.17),
(702, 4, 116, 6, 802022.66),
(703, 1, 117, 1, 4206.30),
(704, 1, 117, 2, 135.24),
(705, 1, 117, 3, 135237.76),
(706, 1, 117, 4, 210.32),
(707, 1, 117, 5, 1577.36),
(708, 1, 117, 6, 5111.82),
(709, 2, 118, 1, 6328.59),
(710, 2, 118, 2, 203.48),
(711, 2, 118, 3, 203471.97),
(712, 2, 118, 4, 316.44),
(713, 2, 118, 5, 2373.22),
(714, 2, 118, 6, 7690.99),
(715, 3, 119, 1, 5826.36),
(716, 3, 119, 2, 187.33),
(717, 3, 119, 3, 187324.58),
(718, 3, 119, 4, 291.32),
(719, 3, 119, 5, 2184.88),
(720, 3, 119, 6, 7080.64),
(721, 4, 120, 1, 659038.88),
(722, 4, 120, 2, 21189.27),
(723, 4, 120, 3, 21188917.00),
(724, 4, 120, 4, 32952.73),
(725, 4, 120, 5, 247139.19),
(726, 4, 120, 6, 800914.85),
(727, 1, 121, 1, 4204.00),
(728, 1, 121, 2, 135.16),
(729, 1, 121, 3, 135163.81),
(730, 1, 121, 4, 210.20),
(731, 1, 121, 5, 1576.50),
(732, 1, 121, 6, 5109.03),
(733, 2, 122, 1, 6325.13),
(734, 2, 122, 2, 203.35),
(735, 2, 122, 3, 203360.71),
(736, 2, 122, 4, 316.26),
(737, 2, 122, 5, 2371.92),
(738, 2, 122, 6, 7686.79),
(739, 3, 123, 1, 5825.27),
(740, 3, 123, 2, 187.28),
(741, 3, 123, 3, 187289.73),
(742, 3, 123, 4, 291.26),
(743, 3, 123, 5, 2184.48),
(744, 3, 123, 6, 7079.33),
(745, 4, 124, 1, 658590.23),
(746, 4, 124, 2, 21173.90),
(747, 4, 124, 3, 21174492.15),
(748, 4, 124, 4, 32929.51),
(749, 4, 124, 5, 246971.34),
(750, 4, 124, 6, 800370.42),
(751, 1, 125, 1, 4197.80),
(752, 1, 125, 2, 134.96),
(753, 1, 125, 3, 134964.47),
(754, 1, 125, 4, 209.89),
(755, 1, 125, 5, 1574.18),
(756, 1, 125, 6, 5101.49),
(757, 2, 126, 1, 6309.92),
(758, 2, 126, 2, 202.87),
(759, 2, 126, 3, 202871.84),
(760, 2, 126, 4, 315.50),
(761, 2, 126, 5, 2366.23),
(762, 2, 126, 6, 7668.30),
(763, 3, 127, 1, 5814.16),
(764, 3, 127, 2, 186.93),
(765, 3, 127, 3, 186932.54),
(766, 3, 127, 4, 290.71),
(767, 3, 127, 5, 2180.32),
(768, 3, 127, 6, 7065.82),
(769, 4, 128, 1, 657602.16),
(770, 4, 128, 2, 21142.02),
(771, 4, 128, 3, 21142724.08),
(772, 4, 128, 4, 32880.11),
(773, 4, 128, 5, 246601.59),
(774, 4, 128, 6, 799168.81),
(775, 1, 129, 1, 4192.70),
(776, 1, 129, 2, 134.80),
(777, 1, 129, 3, 134800.50),
(778, 1, 129, 4, 209.64),
(779, 1, 129, 5, 1572.26),
(780, 1, 129, 6, 5095.30),
(781, 2, 130, 1, 6306.87),
(782, 2, 130, 2, 202.77),
(783, 2, 130, 3, 202773.65),
(784, 2, 130, 4, 315.35),
(785, 2, 130, 5, 2365.07),
(786, 2, 130, 6, 7664.61),
(787, 3, 131, 1, 5810.03),
(788, 3, 131, 2, 186.80),
(789, 3, 131, 3, 186799.79),
(790, 3, 131, 4, 290.51),
(791, 3, 131, 5, 2178.76),
(792, 3, 131, 6, 7060.81),
(793, 4, 132, 1, 657608.22),
(794, 4, 132, 2, 21142.84),
(795, 4, 132, 3, 21142919.22),
(796, 4, 132, 4, 32881.20),
(797, 4, 132, 5, 246602.69),
(798, 4, 132, 6, 799177.42),
(799, 1, 133, 1, 4193.00),
(800, 1, 133, 2, 134.81),
(801, 1, 133, 3, 134810.15),
(802, 1, 133, 4, 209.65),
(803, 1, 133, 5, 1572.38),
(804, 1, 133, 6, 5095.66),
(805, 2, 134, 1, 6309.00),
(806, 2, 134, 2, 202.84),
(807, 2, 134, 3, 202842.09),
(808, 2, 134, 4, 315.45),
(809, 2, 134, 5, 2365.88),
(810, 2, 134, 6, 7667.18),
(811, 3, 135, 1, 5810.03),
(812, 3, 135, 2, 186.80),
(813, 3, 135, 3, 186799.68),
(814, 3, 135, 4, 290.50),
(815, 3, 135, 5, 2178.77),
(816, 3, 135, 6, 7060.80),
(817, 4, 136, 1, 657315.64),
(818, 4, 136, 2, 21133.49),
(819, 4, 136, 3, 21133513.16),
(820, 4, 136, 4, 32865.78),
(821, 4, 136, 5, 246494.15),
(822, 4, 136, 6, 798821.14),
(823, 1, 137, 1, 4195.60),
(824, 1, 137, 2, 134.89),
(825, 1, 137, 3, 134893.74),
(826, 1, 137, 4, 209.78),
(827, 1, 137, 5, 1573.35),
(828, 1, 137, 6, 5098.82),
(829, 2, 138, 1, 6312.49),
(830, 2, 138, 2, 202.95),
(831, 2, 138, 3, 202954.38),
(832, 2, 138, 4, 315.62),
(833, 2, 138, 5, 2367.18),
(834, 2, 138, 6, 7671.43),
(835, 3, 139, 1, 5810.91),
(836, 3, 139, 2, 186.82),
(837, 3, 139, 3, 186827.83),
(838, 3, 139, 4, 290.55),
(839, 3, 139, 5, 2179.09),
(840, 3, 139, 6, 7061.87),
(841, 4, 140, 1, 657526.04),
(842, 4, 140, 2, 21139.69),
(843, 4, 140, 3, 21140277.15),
(844, 4, 140, 4, 32876.30),
(845, 4, 140, 5, 246572.27),
(846, 4, 140, 6, 799076.87),
(847, 1, 141, 1, 4194.90),
(848, 1, 141, 2, 134.87),
(849, 1, 141, 3, 134871.23),
(850, 1, 141, 4, 209.75),
(851, 1, 141, 5, 1573.09),
(852, 1, 141, 6, 5097.97),
(853, 2, 142, 1, 6312.28),
(854, 2, 142, 2, 202.95),
(855, 2, 142, 3, 202947.48),
(856, 2, 142, 4, 315.62),
(857, 2, 142, 5, 2367.11),
(858, 2, 142, 6, 7671.17),
(859, 3, 143, 1, 5807.21),
(860, 3, 143, 2, 186.71),
(861, 3, 143, 3, 186708.99),
(862, 3, 143, 4, 290.37),
(863, 3, 143, 5, 2177.71),
(864, 3, 143, 6, 7057.37),
(865, 4, 144, 1, 657361.80),
(866, 4, 144, 2, 21134.80),
(867, 4, 144, 3, 21134996.10),
(868, 4, 144, 4, 32868.87),
(869, 4, 144, 5, 246511.07),
(870, 4, 144, 6, 798877.39),
(871, 1, 145, 1, 4201.40),
(872, 1, 145, 2, 135.08),
(873, 1, 145, 3, 135080.22),
(874, 1, 145, 4, 210.07),
(875, 1, 145, 5, 1575.53),
(876, 1, 145, 6, 5105.87),
(877, 2, 146, 1, 6325.84),
(878, 2, 146, 2, 203.38),
(879, 2, 146, 3, 203383.53),
(880, 2, 146, 4, 316.29),
(881, 2, 146, 5, 2372.20),
(882, 2, 146, 6, 7687.65),
(883, 3, 147, 1, 5817.47),
(884, 3, 147, 2, 187.04),
(885, 3, 147, 3, 187038.83),
(886, 3, 147, 4, 290.87),
(887, 3, 147, 5, 2181.56),
(888, 3, 147, 6, 7069.84),
(889, 4, 148, 1, 657783.79),
(890, 4, 148, 2, 21148.53),
(891, 4, 148, 3, 21148564.48),
(892, 4, 148, 4, 32889.19),
(893, 4, 148, 5, 246669.70),
(894, 4, 148, 6, 799390.32),
(895, 1, 149, 1, 4193.60),
(896, 1, 149, 2, 134.83),
(897, 1, 149, 3, 134829.44),
(898, 1, 149, 4, 209.68),
(899, 1, 149, 5, 1572.60),
(900, 1, 149, 6, 5096.39),
(901, 2, 150, 1, 6317.87),
(902, 2, 150, 2, 203.13),
(903, 2, 150, 3, 203127.29),
(904, 2, 150, 4, 315.89),
(905, 2, 150, 5, 2369.20),
(906, 2, 150, 6, 7677.97),
(907, 3, 151, 1, 5813.80),
(908, 3, 151, 2, 186.92),
(909, 3, 151, 3, 186920.79),
(910, 3, 151, 4, 290.69),
(911, 3, 151, 5, 2180.17),
(912, 3, 151, 6, 7065.38),
(913, 4, 152, 1, 656222.92),
(914, 4, 152, 2, 21098.47),
(915, 4, 152, 3, 21098380.43),
(916, 4, 152, 4, 32811.15),
(917, 4, 152, 5, 246083.59),
(918, 4, 152, 6, 797493.30),
(919, 1, 153, 1, 4191.90),
(920, 1, 153, 2, 134.77),
(921, 1, 153, 3, 134774.78),
(922, 1, 153, 4, 209.60),
(923, 1, 153, 5, 1571.96),
(924, 1, 153, 6, 5094.32),
(925, 2, 154, 1, 6317.40),
(926, 2, 154, 2, 203.11),
(927, 2, 154, 3, 203112.33),
(928, 2, 154, 4, 315.88),
(929, 2, 154, 5, 2369.02),
(930, 2, 154, 6, 7677.39),
(931, 3, 155, 1, 5807.67),
(932, 3, 155, 2, 186.72),
(933, 3, 155, 3, 186723.72),
(934, 3, 155, 4, 290.39),
(935, 3, 155, 5, 2177.87),
(936, 3, 155, 6, 7057.93),
(937, 4, 156, 1, 655952.70),
(938, 4, 156, 2, 21088.94),
(939, 4, 156, 3, 21089692.35),
(940, 4, 156, 4, 32798.42),
(941, 4, 156, 5, 245981.87),
(942, 4, 156, 6, 797164.29),
(943, 1, 157, 1, 4202.50),
(944, 1, 157, 2, 135.11),
(945, 1, 157, 3, 135115.58),
(946, 1, 157, 4, 210.13),
(947, 1, 157, 5, 1575.94),
(948, 1, 157, 6, 5107.21),
(949, 2, 158, 1, 6329.18),
(950, 2, 158, 2, 203.48),
(951, 2, 158, 3, 203490.82),
(952, 2, 158, 4, 316.47),
(953, 2, 158, 5, 2373.44),
(954, 2, 158, 6, 7691.71),
(955, 3, 159, 1, 5815.63),
(956, 3, 159, 2, 186.97),
(957, 3, 159, 3, 186979.70),
(958, 3, 159, 4, 290.79),
(959, 3, 159, 5, 2180.86),
(960, 3, 159, 6, 7067.61),
(961, 4, 160, 1, 657081.89),
(962, 4, 160, 2, 21125.12),
(963, 4, 160, 3, 21125996.51),
(964, 4, 160, 4, 32854.88),
(965, 4, 160, 5, 246406.10),
(966, 4, 160, 6, 798537.82),
(967, 1, 161, 1, 4198.90),
(968, 1, 161, 2, 135.00),
(969, 1, 161, 3, 134999.84),
(970, 1, 161, 4, 209.95),
(971, 1, 161, 5, 1574.59),
(972, 1, 161, 6, 5102.83),
(973, 2, 162, 1, 6321.23),
(974, 2, 162, 2, 203.24),
(975, 2, 162, 3, 203235.51),
(976, 2, 162, 4, 316.07),
(977, 2, 162, 5, 2370.47),
(978, 2, 162, 6, 7682.06),
(979, 3, 163, 1, 5809.39),
(980, 3, 163, 2, 186.78),
(981, 3, 163, 3, 186779.03),
(982, 3, 163, 4, 290.48),
(983, 3, 163, 5, 2178.52),
(984, 3, 163, 6, 7060.02),
(985, 4, 164, 1, 656334.26),
(986, 4, 164, 2, 21101.98),
(987, 4, 164, 3, 21101959.99),
(988, 4, 164, 4, 32817.49),
(989, 4, 164, 5, 246125.74),
(990, 4, 164, 6, 797628.46),
(991, 1, 165, 1, 4193.50),
(992, 1, 165, 2, 134.82),
(993, 1, 165, 3, 134826.22),
(994, 1, 165, 4, 209.68),
(995, 1, 165, 5, 1572.56),
(996, 1, 165, 6, 5096.27),
(997, 2, 166, 1, 6315.41),
(998, 2, 166, 2, 203.04),
(999, 2, 166, 3, 203048.29),
(1000, 2, 166, 4, 315.78),
(1001, 2, 166, 5, 2368.28),
(1002, 2, 166, 6, 7674.98),
(1003, 3, 167, 1, 5802.76),
(1004, 3, 167, 2, 186.56),
(1005, 3, 167, 3, 186565.78),
(1006, 3, 167, 4, 290.14),
(1007, 3, 167, 5, 2176.03),
(1008, 3, 167, 6, 7051.96),
(1009, 4, 168, 1, 655993.40),
(1010, 4, 168, 2, 21090.03),
(1011, 4, 168, 3, 21091000.42),
(1012, 4, 168, 4, 32800.45),
(1013, 4, 168, 5, 245997.13),
(1014, 4, 168, 6, 797214.61),
(1015, 1, 169, 1, 4211.40),
(1016, 1, 169, 2, 135.40),
(1017, 1, 169, 3, 135401.73),
(1018, 1, 169, 4, 210.57),
(1019, 1, 169, 5, 1579.28),
(1020, 1, 169, 6, 5118.02),
(1021, 2, 170, 1, 6317.31),
(1022, 2, 170, 2, 203.11),
(1023, 2, 170, 3, 203109.37),
(1024, 2, 170, 4, 315.87),
(1025, 2, 170, 5, 2369.00),
(1026, 2, 170, 6, 7677.29),
(1027, 3, 171, 1, 5816.58),
(1028, 3, 171, 2, 187.01),
(1029, 3, 171, 3, 187010.10),
(1030, 3, 171, 4, 290.83),
(1031, 3, 171, 5, 2181.22),
(1032, 3, 171, 6, 7068.75),
(1033, 4, 172, 1, 657900.70),
(1034, 4, 172, 2, 21152.05),
(1035, 4, 172, 3, 21152322.86),
(1036, 4, 172, 4, 32895.03),
(1037, 4, 172, 5, 246713.54),
(1038, 4, 172, 6, 799531.97),
(1039, 1, 173, 1, 4231.00),
(1040, 1, 173, 2, 136.03),
(1041, 1, 173, 3, 136031.89),
(1042, 1, 173, 4, 211.55),
(1043, 1, 173, 5, 1586.63),
(1044, 1, 173, 6, 5141.84),
(1045, 2, 174, 1, 6335.71),
(1046, 2, 174, 2, 203.70),
(1047, 2, 174, 3, 203700.95),
(1048, 2, 174, 4, 316.79),
(1049, 2, 174, 5, 2375.90),
(1050, 2, 174, 6, 7699.65),
(1051, 3, 175, 1, 5838.15),
(1052, 3, 175, 2, 187.70),
(1053, 3, 175, 3, 187703.60),
(1054, 3, 175, 4, 291.91),
(1055, 3, 175, 5, 2189.31),
(1056, 3, 175, 6, 7094.97),
(1057, 4, 176, 1, 659701.75),
(1058, 4, 176, 2, 21209.93),
(1059, 4, 176, 3, 21210228.32),
(1060, 4, 176, 4, 32985.09),
(1061, 4, 176, 5, 247388.94),
(1062, 4, 176, 6, 801720.83),
(1063, 1, 177, 1, 4227.50),
(1064, 1, 177, 2, 135.92),
(1065, 1, 177, 3, 135919.36),
(1066, 1, 177, 4, 211.38),
(1067, 1, 177, 5, 1585.31),
(1068, 1, 177, 6, 5137.59),
(1069, 2, 178, 1, 6333.43),
(1070, 2, 178, 2, 203.63),
(1071, 2, 178, 3, 203627.59),
(1072, 2, 178, 4, 316.68),
(1073, 2, 178, 5, 2375.03),
(1074, 2, 178, 6, 7696.88),
(1075, 3, 179, 1, 5832.05),
(1076, 3, 179, 2, 187.51),
(1077, 3, 179, 3, 187507.55),
(1078, 3, 179, 4, 291.61),
(1079, 3, 179, 5, 2187.01),
(1080, 3, 179, 6, 7087.56),
(1081, 4, 180, 1, 659760.56),
(1082, 4, 180, 2, 21212.22),
(1083, 4, 180, 3, 21212119.00),
(1084, 4, 180, 4, 32988.81),
(1085, 4, 180, 5, 247409.82),
(1086, 4, 180, 6, 801792.85),
(1087, 1, 181, 1, 4227.50),
(1088, 1, 181, 2, 135.92),
(1089, 1, 181, 3, 135919.36),
(1090, 1, 181, 4, 211.38),
(1091, 1, 181, 5, 1585.31),
(1092, 1, 181, 6, 5137.59),
(1093, 2, 182, 1, 6332.58),
(1094, 2, 182, 2, 203.60),
(1095, 2, 182, 3, 203600.41),
(1096, 2, 182, 4, 316.64),
(1097, 2, 182, 5, 2374.72),
(1098, 2, 182, 6, 7695.85),
(1099, 3, 183, 1, 5832.05),
(1100, 3, 183, 2, 187.51),
(1101, 3, 183, 3, 187507.55),
(1102, 3, 183, 4, 291.61),
(1103, 3, 183, 5, 2187.01),
(1104, 3, 183, 6, 7087.56),
(1105, 4, 184, 1, 659566.10),
(1106, 4, 184, 2, 21205.97),
(1107, 4, 184, 3, 21205866.71),
(1108, 4, 184, 4, 32979.08),
(1109, 4, 184, 5, 247336.90),
(1110, 4, 184, 6, 801556.52),
(1111, 1, 185, 1, 4231.50),
(1112, 1, 185, 2, 136.05),
(1113, 1, 185, 3, 136047.97),
(1114, 1, 185, 4, 211.58),
(1115, 1, 185, 5, 1586.81),
(1116, 1, 185, 6, 5142.45),
(1117, 2, 186, 1, 6341.54),
(1118, 2, 186, 2, 203.89),
(1119, 2, 186, 3, 203888.29),
(1120, 2, 186, 4, 317.08),
(1121, 2, 186, 5, 2378.07),
(1122, 2, 186, 6, 7706.73),
(1123, 3, 187, 1, 5836.30),
(1124, 3, 187, 2, 187.65),
(1125, 3, 187, 3, 187644.16),
(1126, 3, 187, 4, 291.82),
(1127, 3, 187, 5, 2188.61),
(1128, 3, 187, 6, 7092.72),
(1129, 4, 188, 1, 659178.84),
(1130, 4, 188, 2, 21193.73),
(1131, 4, 188, 3, 21193416.72),
(1132, 4, 188, 4, 32959.72),
(1133, 4, 188, 5, 247191.67),
(1134, 4, 188, 6, 801085.72),
(1135, 1, 189, 1, 4236.60),
(1136, 1, 189, 2, 136.21),
(1137, 1, 189, 3, 136211.94),
(1138, 1, 189, 4, 211.83),
(1139, 1, 189, 5, 1588.73),
(1140, 1, 189, 6, 5148.65),
(1141, 2, 190, 1, 6360.20),
(1142, 2, 190, 2, 204.49),
(1143, 2, 190, 3, 204488.17),
(1144, 2, 190, 4, 318.01),
(1145, 2, 190, 5, 2385.08),
(1146, 2, 190, 6, 7729.41),
(1147, 3, 191, 1, 5846.72),
(1148, 3, 191, 2, 187.98),
(1149, 3, 191, 3, 187979.29),
(1150, 3, 191, 4, 292.34),
(1151, 3, 191, 5, 2192.53),
(1152, 3, 191, 6, 7105.39),
(1153, 4, 192, 1, 660219.03),
(1154, 4, 192, 2, 21226.56),
(1155, 4, 192, 3, 21226860.09),
(1156, 4, 192, 4, 33010.95),
(1157, 4, 192, 5, 247582.92),
(1158, 4, 192, 6, 802350.17),
(1159, 1, 193, 1, 4237.70),
(1160, 1, 193, 2, 136.25),
(1161, 1, 193, 3, 136247.31),
(1162, 1, 193, 4, 211.89),
(1163, 1, 193, 5, 1589.14),
(1164, 1, 193, 6, 5149.98),
(1165, 2, 194, 1, 6355.91),
(1166, 2, 194, 2, 204.35),
(1167, 2, 194, 3, 204350.53),
(1168, 2, 194, 4, 317.80),
(1169, 2, 194, 5, 2383.47),
(1170, 2, 194, 6, 7724.20),
(1171, 3, 195, 1, 5847.39),
(1172, 3, 195, 2, 188.00),
(1173, 3, 195, 3, 188000.85),
(1174, 3, 195, 4, 292.38),
(1175, 3, 195, 5, 2192.77),
(1176, 3, 195, 6, 7106.20),
(1177, 4, 196, 1, 659966.68),
(1178, 4, 196, 2, 21219.17),
(1179, 4, 196, 3, 21218747.32),
(1180, 4, 196, 4, 32999.11),
(1181, 4, 196, 5, 247487.90),
(1182, 4, 196, 6, 802042.44),
(1183, 1, 197, 1, 4223.70),
(1184, 1, 197, 2, 135.80),
(1185, 1, 197, 3, 135797.19),
(1186, 1, 197, 4, 211.19),
(1187, 1, 197, 5, 1583.89),
(1188, 1, 197, 6, 5132.97),
(1189, 2, 198, 1, 6351.39),
(1190, 2, 198, 2, 204.21),
(1191, 2, 198, 3, 204205.02),
(1192, 2, 198, 4, 317.58),
(1193, 2, 198, 5, 2381.77),
(1194, 2, 198, 6, 7718.70),
(1195, 3, 199, 1, 5832.72),
(1196, 3, 199, 2, 187.53),
(1197, 3, 199, 3, 187529.13),
(1198, 3, 199, 4, 291.64),
(1199, 3, 199, 5, 2187.27),
(1200, 3, 199, 6, 7088.37),
(1201, 4, 200, 1, 657942.64),
(1202, 4, 200, 2, 21154.11),
(1203, 4, 200, 3, 21153671.48),
(1204, 4, 200, 4, 32897.91),
(1205, 4, 200, 5, 246728.88),
(1206, 4, 200, 6, 799583.27),
(1207, 1, 201, 1, 4215.70),
(1208, 1, 201, 2, 135.54),
(1209, 1, 201, 3, 135539.98),
(1210, 1, 201, 4, 210.79),
(1211, 1, 201, 5, 1580.89),
(1212, 1, 201, 6, 5123.25),
(1213, 2, 202, 1, 6349.48),
(1214, 2, 202, 2, 204.14),
(1215, 2, 202, 3, 204143.54),
(1216, 2, 202, 4, 317.48),
(1217, 2, 202, 5, 2381.06),
(1218, 2, 202, 6, 7716.38),
(1219, 3, 203, 1, 5824.20),
(1220, 3, 203, 2, 187.26),
(1221, 3, 203, 3, 187255.26),
(1222, 3, 203, 4, 291.22),
(1223, 3, 203, 5, 2184.08),
(1224, 3, 203, 6, 7078.03),
(1225, 4, 204, 1, 656329.69),
(1226, 4, 204, 2, 21101.82),
(1227, 4, 204, 3, 21101812.87),
(1228, 4, 204, 4, 32817.26),
(1229, 4, 204, 5, 246124.02),
(1230, 4, 204, 6, 797623.42),
(1231, 1, 205, 1, 4213.40),
(1232, 1, 205, 2, 135.46),
(1233, 1, 205, 3, 135466.03),
(1234, 1, 205, 4, 210.67),
(1235, 1, 205, 5, 1580.03),
(1236, 1, 205, 6, 5120.45),
(1237, 2, 206, 1, 6348.12),
(1238, 2, 206, 2, 204.09),
(1239, 2, 206, 3, 204099.89),
(1240, 2, 206, 4, 317.41),
(1241, 2, 206, 5, 2380.55),
(1242, 2, 206, 6, 7714.73),
(1243, 3, 207, 1, 5821.87),
(1244, 3, 207, 2, 187.17),
(1245, 3, 207, 3, 187180.19),
(1246, 3, 207, 4, 291.09),
(1247, 3, 207, 5, 2183.21),
(1248, 3, 207, 6, 7075.18),
(1249, 4, 208, 1, 656557.27),
(1250, 4, 208, 2, 21108.19),
(1251, 4, 208, 3, 21109129.59),
(1252, 4, 208, 4, 32827.86),
(1253, 4, 208, 5, 246209.75),
(1254, 4, 208, 6, 797899.24),
(1255, 1, 209, 1, 4208.00),
(1256, 1, 209, 2, 135.29),
(1257, 1, 209, 3, 135292.42),
(1258, 1, 209, 4, 210.40),
(1259, 1, 209, 5, 1578.00),
(1260, 1, 209, 6, 5113.89),
(1261, 2, 210, 1, 6342.93),
(1262, 2, 210, 2, 203.93),
(1263, 2, 210, 3, 203933.03),
(1264, 2, 210, 4, 317.15),
(1265, 2, 210, 5, 2378.60),
(1266, 2, 210, 6, 7708.42),
(1267, 3, 211, 1, 5813.14),
(1268, 3, 211, 2, 186.90),
(1269, 3, 211, 3, 186899.71),
(1270, 3, 211, 4, 290.66),
(1271, 3, 211, 5, 2179.93),
(1272, 3, 211, 6, 7064.58),
(1273, 4, 212, 1, 656704.69),
(1274, 4, 212, 2, 21113.49),
(1275, 4, 212, 3, 21113870.36),
(1276, 4, 212, 4, 32835.23),
(1277, 4, 212, 5, 246264.26),
(1278, 4, 212, 6, 798078.79),
(1279, 1, 213, 1, 4212.10),
(1280, 1, 213, 2, 135.42),
(1281, 1, 213, 3, 135424.24),
(1282, 1, 213, 4, 210.61),
(1283, 1, 213, 5, 1579.54),
(1284, 1, 213, 6, 5118.87),
(1285, 2, 214, 1, 6348.69),
(1286, 2, 214, 2, 204.11),
(1287, 2, 214, 3, 204118.19),
(1288, 2, 214, 4, 317.44),
(1289, 2, 214, 5, 2380.76),
(1290, 2, 214, 6, 7715.42),
(1291, 3, 215, 1, 5821.33),
(1292, 3, 215, 2, 187.16),
(1293, 3, 215, 3, 187163.07),
(1294, 3, 215, 4, 291.07),
(1295, 3, 215, 5, 2183.00),
(1296, 3, 215, 6, 7074.53),
(1297, 4, 216, 1, 656944.39),
(1298, 4, 216, 2, 21120.92),
(1299, 4, 216, 3, 21121577.02),
(1300, 4, 216, 4, 32848.00),
(1301, 4, 216, 5, 246354.54),
(1302, 4, 216, 6, 798369.68),
(1303, 1, 217, 1, 4215.30),
(1304, 1, 217, 2, 135.52),
(1305, 1, 217, 3, 135527.12),
(1306, 1, 217, 4, 210.77),
(1307, 1, 217, 5, 1580.74),
(1308, 1, 217, 6, 5122.76),
(1309, 2, 218, 1, 6346.77),
(1310, 2, 218, 2, 204.05),
(1311, 2, 218, 3, 204056.41),
(1312, 2, 218, 4, 317.35),
(1313, 2, 218, 5, 2380.04),
(1314, 2, 218, 6, 7713.08),
(1315, 3, 219, 1, 5827.44),
(1316, 3, 219, 2, 187.35),
(1317, 3, 219, 3, 187359.47),
(1318, 3, 219, 4, 291.38),
(1319, 3, 219, 5, 2185.29),
(1320, 3, 219, 6, 7081.96),
(1321, 4, 220, 1, 657658.46),
(1322, 4, 220, 2, 21143.42),
(1323, 4, 220, 3, 21144534.68),
(1324, 4, 220, 4, 32883.70),
(1325, 4, 220, 5, 246622.31),
(1326, 4, 220, 6, 799237.65),
(1327, 1, 221, 1, 4215.60),
(1328, 1, 221, 2, 135.53),
(1329, 1, 221, 3, 135536.76),
(1330, 1, 221, 4, 210.78),
(1331, 1, 221, 5, 1580.85),
(1332, 1, 221, 6, 5123.13),
(1333, 2, 222, 1, 6343.85),
(1334, 2, 222, 2, 203.95),
(1335, 2, 222, 3, 203962.49),
(1336, 2, 222, 4, 317.19),
(1337, 2, 222, 5, 2378.94),
(1338, 2, 222, 6, 7709.54),
(1339, 3, 223, 1, 5821.74),
(1340, 3, 223, 2, 187.17),
(1341, 3, 223, 3, 187176.27),
(1342, 3, 223, 4, 291.09),
(1343, 3, 223, 5, 2183.15),
(1344, 3, 223, 6, 7075.04),
(1345, 4, 224, 1, 657098.22),
(1346, 4, 224, 2, 21125.47),
(1347, 4, 224, 3, 21126521.39),
(1348, 4, 224, 4, 32854.91),
(1349, 4, 224, 5, 246411.83),
(1350, 4, 224, 6, 798557.64),
(1351, 1, 225, 1, 4217.90),
(1352, 1, 225, 2, 135.61),
(1353, 1, 225, 3, 135610.71),
(1354, 1, 225, 4, 210.90),
(1355, 1, 225, 5, 1581.71),
(1356, 1, 225, 6, 5125.92),
(1357, 2, 226, 1, 6342.25),
(1358, 2, 226, 2, 203.91),
(1359, 2, 226, 3, 203911.04),
(1360, 2, 226, 4, 317.12),
(1361, 2, 226, 5, 2378.34),
(1362, 2, 226, 6, 7707.59),
(1363, 3, 227, 1, 5825.34),
(1364, 3, 227, 2, 187.29),
(1365, 3, 227, 3, 187291.95),
(1366, 3, 227, 4, 291.27),
(1367, 3, 227, 5, 2184.50),
(1368, 3, 227, 6, 7079.41),
(1369, 4, 228, 1, 657486.25),
(1370, 4, 228, 2, 21138.89),
(1371, 4, 228, 3, 21138997.47),
(1372, 4, 228, 4, 32875.09),
(1373, 4, 228, 5, 246556.95),
(1374, 4, 228, 6, 799028.41),
(1375, 1, 229, 1, 4216.80),
(1376, 1, 229, 2, 135.57),
(1377, 1, 229, 3, 135575.35),
(1378, 1, 229, 4, 210.84),
(1379, 1, 229, 5, 1581.30),
(1380, 1, 229, 6, 5124.58),
(1381, 2, 230, 1, 6337.64),
(1382, 2, 230, 2, 203.75),
(1383, 2, 230, 3, 203762.97),
(1384, 2, 230, 4, 316.88),
(1385, 2, 230, 5, 2376.61),
(1386, 2, 230, 6, 7701.99),
(1387, 3, 231, 1, 5822.35),
(1388, 3, 231, 2, 187.19),
(1389, 3, 231, 3, 187195.66),
(1390, 3, 231, 4, 291.12),
(1391, 3, 231, 5, 2183.38),
(1392, 3, 231, 6, 7075.76),
(1393, 4, 232, 1, 657264.18),
(1394, 4, 232, 2, 21131.02),
(1395, 4, 232, 3, 21131858.65),
(1396, 4, 232, 4, 32863.21),
(1397, 4, 232, 5, 246474.07),
(1398, 4, 232, 6, 798758.04),
(1399, 1, 233, 1, 4210.50),
(1400, 1, 233, 2, 135.37),
(1401, 1, 233, 3, 135372.79),
(1402, 1, 233, 4, 210.53),
(1403, 1, 233, 5, 1578.94),
(1404, 1, 233, 6, 5116.93),
(1405, 2, 234, 1, 6325.64),
(1406, 2, 234, 2, 203.37),
(1407, 2, 234, 3, 203377.31),
(1408, 2, 234, 4, 316.29),
(1409, 2, 234, 5, 2372.12),
(1410, 2, 234, 6, 7687.42),
(1411, 3, 235, 1, 5809.86),
(1412, 3, 235, 2, 186.79),
(1413, 3, 235, 3, 186794.14),
(1414, 3, 235, 4, 290.50),
(1415, 3, 235, 5, 2178.70),
(1416, 3, 235, 6, 7060.60),
(1417, 4, 236, 1, 656004.32),
(1418, 4, 236, 2, 21090.92),
(1419, 4, 236, 3, 21091351.43),
(1420, 4, 236, 4, 32801.00),
(1421, 4, 236, 5, 246002.01),
(1422, 4, 236, 6, 797227.93),
(1423, 1, 237, 1, 4218.90),
(1424, 1, 237, 2, 135.64),
(1425, 1, 237, 3, 135642.86),
(1426, 1, 237, 4, 210.95),
(1427, 1, 237, 5, 1582.09),
(1428, 1, 237, 6, 5127.14),
(1429, 2, 238, 1, 6339.53),
(1430, 2, 238, 2, 203.82),
(1431, 2, 238, 3, 203823.74),
(1432, 2, 238, 4, 316.98),
(1433, 2, 238, 5, 2377.33),
(1434, 2, 238, 6, 7704.30),
(1435, 3, 239, 1, 5822.29),
(1436, 3, 239, 2, 187.19),
(1437, 3, 239, 3, 187193.93),
(1438, 3, 239, 4, 291.12),
(1439, 3, 239, 5, 2183.36),
(1440, 3, 239, 6, 7075.71),
(1441, 4, 240, 1, 656545.22),
(1442, 4, 240, 2, 21108.30),
(1443, 4, 240, 3, 21108741.87),
(1444, 4, 240, 4, 32828.04),
(1445, 4, 240, 5, 246204.85),
(1446, 4, 240, 6, 797885.53),
(1447, 1, 241, 1, 4219.60),
(1448, 1, 241, 2, 135.66),
(1449, 1, 241, 3, 135665.37),
(1450, 1, 241, 4, 210.98),
(1451, 1, 241, 5, 1582.35),
(1452, 1, 241, 6, 5127.99),
(1453, 2, 242, 1, 6332.99),
(1454, 2, 242, 2, 203.61),
(1455, 2, 242, 3, 203613.37),
(1456, 2, 242, 4, 316.65),
(1457, 2, 242, 5, 2374.87),
(1458, 2, 242, 6, 7696.34),
(1459, 3, 243, 1, 5817.77),
(1460, 3, 243, 2, 187.04),
(1461, 3, 243, 3, 187048.63),
(1462, 3, 243, 4, 290.89),
(1463, 3, 243, 5, 2181.67),
(1464, 3, 243, 6, 7070.22),
(1465, 4, 244, 1, 655189.95),
(1466, 4, 244, 2, 21064.34),
(1467, 4, 244, 3, 21065169.00),
(1468, 4, 244, 4, 32759.50),
(1469, 4, 244, 5, 245696.23),
(1470, 4, 244, 6, 796238.39),
(1471, 1, 245, 1, 4230.30),
(1472, 1, 245, 2, 136.01),
(1473, 1, 245, 3, 136009.39),
(1474, 1, 245, 4, 211.52),
(1475, 1, 245, 5, 1586.36),
(1476, 1, 245, 6, 5140.99),
(1477, 2, 246, 1, 6350.74),
(1478, 2, 246, 2, 204.19),
(1479, 2, 246, 3, 204184.10),
(1480, 2, 246, 4, 317.54),
(1481, 2, 246, 5, 2381.52),
(1482, 2, 246, 6, 7717.91),
(1483, 3, 247, 1, 5827.87),
(1484, 3, 247, 2, 187.37),
(1485, 3, 247, 3, 187373.34),
(1486, 3, 247, 4, 291.40),
(1487, 3, 247, 5, 2185.45),
(1488, 3, 247, 6, 7082.48),
(1489, 4, 248, 1, 655552.67),
(1490, 4, 248, 2, 21076.93),
(1491, 4, 248, 3, 21076831.13),
(1492, 4, 248, 4, 32778.41),
(1493, 4, 248, 5, 245831.86),
(1494, 4, 248, 6, 796678.66),
(1495, 1, 249, 1, 4252.00),
(1496, 1, 249, 2, 136.70),
(1497, 1, 249, 3, 136707.07),
(1498, 1, 249, 4, 212.60),
(1499, 1, 249, 5, 1594.50),
(1500, 1, 249, 6, 5167.36),
(1501, 2, 250, 1, 6374.81),
(1502, 2, 250, 2, 204.95),
(1503, 2, 250, 3, 204958.07),
(1504, 2, 250, 4, 318.74),
(1505, 2, 250, 5, 2390.55),
(1506, 2, 250, 6, 7747.16),
(1507, 3, 251, 1, 5851.82),
(1508, 3, 251, 2, 188.13),
(1509, 3, 251, 3, 188143.11),
(1510, 3, 251, 4, 292.59),
(1511, 3, 251, 5, 2194.43),
(1512, 3, 251, 6, 7111.58),
(1513, 4, 252, 1, 659719.06),
(1514, 4, 252, 2, 21209.69),
(1515, 4, 252, 3, 21210785.45),
(1516, 4, 252, 4, 32985.95),
(1517, 4, 252, 5, 247394.65),
(1518, 4, 252, 6, 801741.74),
(1519, 1, 253, 1, 4271.50),
(1520, 1, 253, 2, 137.33),
(1521, 1, 253, 3, 137334.02),
(1522, 1, 253, 4, 213.58),
(1523, 1, 253, 5, 1601.81),
(1524, 1, 253, 6, 5191.06),
(1525, 2, 254, 1, 6405.33),
(1526, 2, 254, 2, 205.93),
(1527, 2, 254, 3, 205939.23),
(1528, 2, 254, 4, 320.27),
(1529, 2, 254, 5, 2401.99),
(1530, 2, 254, 6, 7784.25),
(1531, 3, 255, 1, 5882.50),
(1532, 3, 255, 2, 189.12),
(1533, 3, 255, 3, 189129.55),
(1534, 3, 255, 4, 294.13),
(1535, 3, 255, 5, 2205.93),
(1536, 3, 255, 6, 7148.87),
(1537, 4, 256, 1, 662812.93),
(1538, 4, 256, 2, 21309.63),
(1539, 4, 256, 3, 21310257.22),
(1540, 4, 256, 4, 33141.42),
(1541, 4, 256, 5, 248554.46),
(1542, 4, 256, 6, 805501.97),
(1543, 1, 257, 1, 4277.00),
(1544, 1, 257, 2, 137.51),
(1545, 1, 257, 3, 137510.85),
(1546, 1, 257, 4, 213.85),
(1547, 1, 257, 5, 1603.88),
(1548, 1, 257, 6, 5197.74),
(1549, 2, 258, 1, 6414.00),
(1550, 2, 258, 2, 206.22),
(1551, 2, 258, 3, 206218.15),
(1552, 2, 258, 4, 320.70),
(1553, 2, 258, 5, 2405.26),
(1554, 2, 258, 6, 7794.79),
(1555, 3, 259, 1, 5891.78),
(1556, 3, 259, 2, 189.43),
(1557, 3, 259, 3, 189428.07),
(1558, 3, 259, 4, 294.59),
(1559, 3, 259, 5, 2209.42),
(1560, 3, 259, 6, 7160.15),
(1561, 4, 260, 1, 663961.48),
(1562, 4, 260, 2, 21347.05),
(1563, 4, 260, 3, 21347184.35),
(1564, 4, 260, 4, 33198.07),
(1565, 4, 260, 5, 248986.33),
(1566, 4, 260, 6, 806897.16),
(1567, 1, 261, 1, 4270.40),
(1568, 1, 261, 2, 137.30),
(1569, 1, 261, 3, 137298.65),
(1570, 1, 261, 4, 213.52),
(1571, 1, 261, 5, 1601.40),
(1572, 1, 261, 6, 5189.72),
(1573, 2, 262, 1, 6402.82),
(1574, 2, 262, 2, 205.86),
(1575, 2, 262, 3, 205858.73),
(1576, 2, 262, 4, 320.14),
(1577, 2, 262, 5, 2401.06),
(1578, 2, 262, 6, 7781.21),
(1579, 3, 263, 1, 5881.41),
(1580, 3, 263, 2, 189.10),
(1581, 3, 263, 3, 189094.57),
(1582, 3, 263, 4, 294.07),
(1583, 3, 263, 5, 2205.53),
(1584, 3, 263, 6, 7147.54),
(1585, 4, 264, 1, 663474.97),
(1586, 4, 264, 2, 21331.75),
(1587, 4, 264, 3, 21331542.06),
(1588, 4, 264, 4, 33173.75),
(1589, 4, 264, 5, 248803.11),
(1590, 4, 264, 6, 806306.04),
(1591, 1, 265, 1, 4273.00),
(1592, 1, 265, 2, 137.38),
(1593, 1, 265, 3, 137382.25),
(1594, 1, 265, 4, 213.65),
(1595, 1, 265, 5, 1602.38),
(1596, 1, 265, 6, 5192.88),
(1597, 2, 266, 1, 6411.00),
(1598, 2, 266, 2, 206.12),
(1599, 2, 266, 3, 206121.46),
(1600, 2, 266, 4, 320.55),
(1601, 2, 266, 5, 2404.13),
(1602, 2, 266, 6, 7791.14),
(1603, 3, 267, 1, 5889.69),
(1604, 3, 267, 2, 189.36),
(1605, 3, 267, 3, 189360.82),
(1606, 3, 267, 4, 294.48),
(1607, 3, 267, 5, 2208.64),
(1608, 3, 267, 6, 7157.61),
(1609, 4, 268, 1, 664810.43),
(1610, 4, 268, 2, 21374.13),
(1611, 4, 268, 3, 21374479.98),
(1612, 4, 268, 4, 33240.52),
(1613, 4, 268, 5, 249304.69),
(1614, 4, 268, 6, 807929.04),
(1615, 1, 269, 1, 4274.90),
(1616, 1, 269, 2, 137.44),
(1617, 1, 269, 3, 137443.33),
(1618, 1, 269, 4, 213.75),
(1619, 1, 269, 5, 1603.09),
(1620, 1, 269, 6, 5195.19),
(1621, 2, 270, 1, 6416.41),
(1622, 2, 270, 2, 206.29),
(1623, 2, 270, 3, 206295.57),
(1624, 2, 270, 4, 320.83),
(1625, 2, 270, 5, 2406.16),
(1626, 2, 270, 6, 7797.72),
(1627, 3, 271, 1, 5888.03),
(1628, 3, 271, 2, 189.30),
(1629, 3, 271, 3, 189307.57),
(1630, 3, 271, 4, 294.41),
(1631, 3, 271, 5, 2208.02),
(1632, 3, 271, 6, 7155.59),
(1633, 4, 272, 1, 665123.14),
(1634, 4, 272, 2, 21384.01),
(1635, 4, 272, 3, 21384532.83),
(1636, 4, 272, 4, 33256.93),
(1637, 4, 272, 5, 249421.57),
(1638, 4, 272, 6, 808309.22),
(1639, 1, 273, 1, 4279.20),
(1640, 1, 273, 2, 137.58),
(1641, 1, 273, 3, 137581.58),
(1642, 1, 273, 4, 213.96),
(1643, 1, 273, 5, 1604.70),
(1644, 1, 273, 6, 5200.42),
(1645, 2, 274, 1, 6421.15),
(1646, 2, 274, 2, 206.45),
(1647, 2, 274, 3, 206448.04),
(1648, 2, 274, 4, 321.06),
(1649, 2, 274, 5, 2407.93),
(1650, 2, 274, 6, 7803.49),
(1651, 3, 275, 1, 5893.53),
(1652, 3, 275, 2, 189.48),
(1653, 3, 275, 3, 189484.23),
(1654, 3, 275, 4, 294.68),
(1655, 3, 275, 5, 2210.07),
(1656, 3, 275, 6, 7162.28),
(1657, 4, 276, 1, 665723.70),
(1658, 4, 276, 2, 21403.60),
(1659, 4, 276, 3, 21403841.56),
(1660, 4, 276, 4, 33286.19),
(1661, 4, 276, 5, 249646.39),
(1662, 4, 276, 6, 809039.74),
(1663, 1, 277, 1, 4279.10),
(1664, 1, 277, 2, 137.58),
(1665, 1, 277, 3, 137578.37),
(1666, 1, 277, 4, 213.96),
(1667, 1, 277, 5, 1604.66),
(1668, 1, 277, 6, 5200.30),
(1669, 2, 278, 1, 6421.43),
(1670, 2, 278, 2, 206.46),
(1671, 2, 278, 3, 206456.98),
(1672, 2, 278, 4, 321.08),
(1673, 2, 278, 5, 2408.03),
(1674, 2, 278, 6, 7803.83),
(1675, 3, 279, 1, 5892.96),
(1676, 3, 279, 2, 189.47),
(1677, 3, 279, 3, 189466.05),
(1678, 3, 279, 4, 294.66),
(1679, 3, 279, 5, 2209.86),
(1680, 3, 279, 6, 7161.59),
(1681, 4, 280, 1, 665761.63),
(1682, 4, 280, 2, 21405.32),
(1683, 4, 280, 3, 21405061.91),
(1684, 4, 280, 4, 33288.86),
(1685, 4, 280, 5, 249660.22),
(1686, 4, 280, 6, 809086.08),
(1687, 1, 281, 1, 4273.70),
(1688, 1, 281, 2, 137.40),
(1689, 1, 281, 3, 137404.75),
(1690, 1, 281, 4, 213.69),
(1691, 1, 281, 5, 1602.64),
(1692, 1, 281, 6, 5193.73),
(1693, 2, 282, 1, 6415.46),
(1694, 2, 282, 2, 206.26),
(1695, 2, 282, 3, 206265.14),
(1696, 2, 282, 4, 320.78),
(1697, 2, 282, 5, 2405.80),
(1698, 2, 282, 6, 7796.57),
(1699, 3, 283, 1, 5888.52),
(1700, 3, 283, 2, 189.32),
(1701, 3, 283, 3, 189323.13),
(1702, 3, 283, 4, 294.43),
(1703, 3, 283, 5, 2208.20),
(1704, 3, 283, 6, 7156.18),
(1705, 4, 284, 1, 664714.20),
(1706, 4, 284, 2, 21370.65),
(1707, 4, 284, 3, 21371385.20),
(1708, 4, 284, 4, 33236.49),
(1709, 4, 284, 5, 249268.22),
(1710, 4, 284, 6, 807811.99),
(1711, 1, 285, 1, 4269.40),
(1712, 1, 285, 2, 137.26),
(1713, 1, 285, 3, 137266.50),
(1714, 1, 285, 4, 213.47),
(1715, 1, 285, 5, 1601.03),
(1716, 1, 285, 6, 5188.51),
(1717, 2, 286, 1, 6401.75),
(1718, 2, 286, 2, 205.81),
(1719, 2, 286, 3, 205824.25),
(1720, 2, 286, 4, 320.09),
(1721, 2, 286, 5, 2400.66),
(1722, 2, 286, 6, 7779.91),
(1723, 3, 287, 1, 5881.31),
(1724, 3, 287, 2, 189.08),
(1725, 3, 287, 3, 189091.47),
(1726, 3, 287, 4, 294.07),
(1727, 3, 287, 5, 2205.50),
(1728, 3, 287, 6, 7147.43),
(1729, 4, 288, 1, 664784.00),
(1730, 4, 288, 2, 21372.62),
(1731, 4, 288, 3, 21373629.45),
(1732, 4, 288, 4, 33239.20),
(1733, 4, 288, 5, 249294.78),
(1734, 4, 288, 6, 807897.70),
(1735, 1, 289, 1, 4268.30),
(1736, 1, 289, 2, 137.23),
(1737, 1, 289, 3, 137231.14),
(1738, 1, 289, 4, 213.42),
(1739, 1, 289, 5, 1600.61),
(1740, 1, 289, 6, 5187.17),
(1741, 2, 290, 1, 6403.30),
(1742, 2, 290, 2, 205.87),
(1743, 2, 290, 3, 205874.16),
(1744, 2, 290, 4, 320.17),
(1745, 2, 290, 5, 2401.24),
(1746, 2, 290, 6, 7781.79),
(1747, 3, 291, 1, 5879.80),
(1748, 3, 291, 2, 189.04),
(1749, 3, 291, 3, 189042.76),
(1750, 3, 291, 4, 294.00),
(1751, 3, 291, 5, 2204.92),
(1752, 3, 291, 6, 7145.59),
(1753, 4, 292, 1, 664454.80),
(1754, 4, 292, 2, 21362.87),
(1755, 4, 292, 3, 21363046.03),
(1756, 4, 292, 4, 33223.52),
(1757, 4, 292, 5, 249170.16),
(1758, 4, 292, 6, 807497.13),
(1759, 1, 293, 1, 4269.10),
(1760, 1, 293, 2, 137.25),
(1761, 1, 293, 3, 137256.86),
(1762, 1, 293, 4, 213.46),
(1763, 1, 293, 5, 1600.91),
(1764, 1, 293, 6, 5188.14),
(1765, 2, 294, 1, 6405.57),
(1766, 2, 294, 2, 205.94),
(1767, 2, 294, 3, 205947.06),
(1768, 2, 294, 4, 320.29),
(1769, 2, 294, 5, 2402.09),
(1770, 2, 294, 6, 7784.54),
(1771, 3, 295, 1, 5881.75),
(1772, 3, 295, 2, 189.10),
(1773, 3, 295, 3, 189105.64),
(1774, 3, 295, 4, 294.09),
(1775, 3, 295, 5, 2205.65),
(1776, 3, 295, 6, 7147.96),
(1777, 4, 296, 1, 664613.49),
(1778, 4, 296, 2, 21367.08),
(1779, 4, 296, 3, 21368147.96),
(1780, 4, 296, 4, 33231.45),
(1781, 4, 296, 5, 249229.67),
(1782, 4, 296, 6, 807689.64),
(1783, 1, 297, 1, 4270.10),
(1784, 1, 297, 2, 137.29),
(1785, 1, 297, 3, 137289.01),
(1786, 1, 297, 4, 213.51),
(1787, 1, 297, 5, 1601.29),
(1788, 1, 297, 6, 5189.36),
(1789, 2, 298, 1, 6407.93),
(1790, 2, 298, 2, 206.02),
(1791, 2, 298, 3, 206022.75),
(1792, 2, 298, 4, 320.40),
(1793, 2, 298, 5, 2402.98),
(1794, 2, 298, 6, 7787.41),
(1795, 3, 299, 1, 5883.13),
(1796, 3, 299, 2, 189.15),
(1797, 3, 299, 3, 189149.93),
(1798, 3, 299, 4, 294.16),
(1799, 3, 299, 5, 2206.18),
(1800, 3, 299, 6, 7149.64),
(1801, 4, 300, 1, 664922.89),
(1802, 4, 300, 2, 21378.25),
(1803, 4, 300, 3, 21378095.48),
(1804, 4, 300, 4, 33246.92),
(1805, 4, 300, 5, 249346.47),
(1806, 4, 300, 6, 808066.38),
(1807, 1, 301, 1, 4266.40),
(1808, 1, 301, 2, 137.17),
(1809, 1, 301, 3, 137170.05),
(1810, 1, 301, 4, 213.32),
(1811, 1, 301, 5, 1599.90),
(1812, 1, 301, 6, 5184.86),
(1813, 2, 302, 1, 6407.07),
(1814, 2, 302, 2, 206.00),
(1815, 2, 302, 3, 205995.12),
(1816, 2, 302, 4, 320.35),
(1817, 2, 302, 5, 2402.65),
(1818, 2, 302, 6, 7786.36),
(1819, 3, 303, 1, 5878.89),
(1820, 3, 303, 2, 189.01),
(1821, 3, 303, 3, 189013.47),
(1822, 3, 303, 4, 293.94),
(1823, 3, 303, 5, 2204.58),
(1824, 3, 303, 6, 7144.48),
(1825, 4, 304, 1, 664500.33),
(1826, 4, 304, 2, 21364.50),
(1827, 4, 304, 3, 21364509.63),
(1828, 4, 304, 4, 33225.02),
(1829, 4, 304, 5, 249187.62),
(1830, 4, 304, 6, 807552.31),
(1831, 1, 305, 1, 4278.60),
(1832, 1, 305, 2, 137.56),
(1833, 1, 305, 3, 137562.29),
(1834, 1, 305, 4, 213.93),
(1835, 1, 305, 5, 1604.48),
(1836, 1, 305, 6, 5199.69),
(1837, 2, 306, 1, 6417.90),
(1838, 2, 306, 2, 206.34),
(1839, 2, 306, 3, 206343.44),
(1840, 2, 306, 4, 320.90),
(1841, 2, 306, 5, 2406.72),
(1842, 2, 306, 6, 7799.54),
(1843, 3, 307, 1, 5893.56),
(1844, 3, 307, 2, 189.48),
(1845, 3, 307, 3, 189485.18),
(1846, 3, 307, 4, 294.68),
(1847, 3, 307, 5, 2210.09),
(1848, 3, 307, 6, 7162.31),
(1849, 4, 308, 1, 666332.05),
(1850, 4, 308, 2, 21423.04),
(1851, 4, 308, 3, 21423400.80),
(1852, 4, 308, 4, 33316.60),
(1853, 4, 308, 5, 249875.30),
(1854, 4, 308, 6, 809778.92),
(1855, 1, 309, 1, 4281.80),
(1856, 1, 309, 2, 137.66),
(1857, 1, 309, 3, 137665.18),
(1858, 1, 309, 4, 214.09),
(1859, 1, 309, 5, 1605.68),
(1860, 1, 309, 6, 5203.58),
(1861, 2, 310, 1, 6424.63),
(1862, 2, 310, 2, 206.55),
(1863, 2, 310, 3, 206559.72),
(1864, 2, 310, 4, 321.23),
(1865, 2, 310, 5, 2409.24),
(1866, 2, 310, 6, 7807.71),
(1867, 3, 311, 1, 5898.39),
(1868, 3, 311, 2, 189.63),
(1869, 3, 311, 3, 189640.67),
(1870, 3, 311, 4, 294.92),
(1871, 3, 311, 5, 2211.90),
(1872, 3, 311, 6, 7168.19),
(1873, 4, 312, 1, 666663.41),
(1874, 4, 312, 2, 21433.25),
(1875, 4, 312, 3, 21434055.53),
(1876, 4, 312, 4, 33333.17),
(1877, 4, 312, 5, 249999.56),
(1878, 4, 312, 6, 810181.80),
(1879, 1, 313, 1, 4285.70),
(1880, 1, 313, 2, 137.79),
(1881, 1, 313, 3, 137790.57),
(1882, 1, 313, 4, 214.29),
(1883, 1, 313, 5, 1607.14),
(1884, 1, 313, 6, 5208.32),
(1885, 2, 314, 1, 6427.48),
(1886, 2, 314, 2, 206.65),
(1887, 2, 314, 3, 206651.41),
(1888, 2, 314, 4, 321.38),
(1889, 2, 314, 5, 2410.31),
(1890, 2, 314, 6, 7811.18),
(1891, 3, 315, 1, 5900.77),
(1892, 3, 315, 2, 189.72),
(1893, 3, 315, 3, 189716.95),
(1894, 3, 315, 4, 295.05),
(1895, 3, 315, 5, 2212.79),
(1896, 3, 315, 6, 7171.08),
(1897, 4, 316, 1, 667043.49),
(1898, 4, 316, 2, 21446.19),
(1899, 4, 316, 3, 21446275.48),
(1900, 4, 316, 4, 33352.95),
(1901, 4, 316, 5, 250141.70),
(1902, 4, 316, 6, 810643.76),
(1903, 1, 317, 1, 4307.80),
(1904, 1, 317, 2, 138.50),
(1905, 1, 317, 3, 138501.11),
(1906, 1, 317, 4, 215.39),
(1907, 1, 317, 5, 1615.43),
(1908, 1, 317, 6, 5235.17),
(1909, 2, 318, 1, 6453.95),
(1910, 2, 318, 2, 207.50),
(1911, 2, 318, 3, 207502.36),
(1912, 2, 318, 4, 322.70),
(1913, 2, 318, 5, 2420.24),
(1914, 2, 318, 6, 7843.33),
(1915, 3, 319, 1, 5927.75),
(1916, 3, 319, 2, 190.58),
(1917, 3, 319, 3, 190584.45),
(1918, 3, 319, 4, 296.39),
(1919, 3, 319, 5, 2222.91),
(1920, 3, 319, 6, 7203.86),
(1921, 4, 320, 1, 671099.24),
(1922, 4, 320, 2, 21576.50),
(1923, 4, 320, 3, 21576672.42),
(1924, 4, 320, 4, 33554.96),
(1925, 4, 320, 5, 251662.99),
(1926, 4, 320, 6, 815571.43),
(1927, 1, 321, 1, 4317.00),
(1928, 1, 321, 2, 138.79),
(1929, 1, 321, 3, 138796.90),
(1930, 1, 321, 4, 215.85),
(1931, 1, 321, 5, 1618.88),
(1932, 1, 321, 6, 5246.36),
(1933, 2, 322, 1, 6473.56),
(1934, 2, 322, 2, 208.12),
(1935, 2, 322, 3, 208132.89),
(1936, 2, 322, 4, 323.68),
(1937, 2, 322, 5, 2427.59),
(1938, 2, 322, 6, 7867.18),
(1939, 3, 323, 1, 5941.70),
(1940, 3, 323, 2, 191.02),
(1941, 3, 323, 3, 191033.11),
(1942, 3, 323, 4, 297.09),
(1943, 3, 323, 5, 2228.15),
(1944, 3, 323, 6, 7220.83),
(1945, 4, 324, 1, 673024.62),
(1946, 4, 324, 2, 21637.50),
(1947, 4, 324, 3, 21638575.51),
(1948, 4, 324, 4, 33651.23),
(1949, 4, 324, 5, 252385.01),
(1950, 4, 324, 6, 817912.77),
(1951, 1, 325, 1, 4326.80),
(1952, 1, 325, 2, 139.11),
(1953, 1, 325, 3, 139111.98),
(1954, 1, 325, 4, 216.34),
(1955, 1, 325, 5, 1622.55);
INSERT INTO `gold_unit_prices` (`id`, `currency_id`, `gold_id`, `unit_id`, `price`) VALUES
(1956, 1, 325, 6, 5258.26),
(1957, 2, 326, 1, 6489.55),
(1958, 2, 326, 2, 208.64),
(1959, 2, 326, 3, 208647.10),
(1960, 2, 326, 4, 324.48),
(1961, 2, 326, 5, 2433.58),
(1962, 2, 326, 6, 7886.60),
(1963, 3, 327, 1, 5954.33),
(1964, 3, 327, 2, 191.44),
(1965, 3, 327, 3, 191438.95),
(1966, 3, 327, 4, 297.72),
(1967, 3, 327, 5, 2232.87),
(1968, 3, 327, 6, 7236.15),
(1969, 4, 328, 1, 674638.98),
(1970, 4, 328, 2, 21690.17),
(1971, 4, 328, 3, 21690479.03),
(1972, 4, 328, 4, 33731.95),
(1973, 4, 328, 5, 252989.62),
(1974, 4, 328, 6, 819873.16),
(1975, 1, 329, 1, 4335.50),
(1976, 1, 329, 2, 139.39),
(1977, 1, 329, 3, 139391.70),
(1978, 1, 329, 4, 216.78),
(1979, 1, 329, 5, 1625.81),
(1980, 1, 329, 6, 5268.84),
(1981, 2, 330, 1, 6503.90),
(1982, 2, 330, 2, 209.11),
(1983, 2, 330, 3, 209108.46),
(1984, 2, 330, 4, 325.20),
(1985, 2, 330, 5, 2438.96),
(1986, 2, 330, 6, 7904.05),
(1987, 3, 331, 1, 5965.43),
(1988, 3, 331, 2, 191.79),
(1989, 3, 331, 3, 191796.01),
(1990, 3, 331, 4, 298.28),
(1991, 3, 331, 5, 2237.03),
(1992, 3, 331, 6, 7249.66),
(1993, 4, 332, 1, 675978.15),
(1994, 4, 332, 2, 21733.27),
(1995, 4, 332, 3, 21733535.69),
(1996, 4, 332, 4, 33799.69),
(1997, 4, 332, 5, 253491.42),
(1998, 4, 332, 6, 821501.73),
(1999, 1, 333, 1, 4325.40),
(2000, 1, 333, 2, 139.06),
(2001, 1, 333, 3, 139066.97),
(2002, 1, 333, 4, 216.27),
(2003, 1, 333, 5, 1622.03),
(2004, 1, 333, 6, 5256.56),
(2005, 2, 334, 1, 6492.64),
(2006, 2, 334, 2, 208.74),
(2007, 2, 334, 3, 208746.48),
(2008, 2, 334, 4, 324.63),
(2009, 2, 334, 5, 2434.75),
(2010, 2, 334, 6, 7890.36),
(2011, 3, 335, 1, 5954.56),
(2012, 3, 335, 2, 191.44),
(2013, 3, 335, 3, 191446.54),
(2014, 3, 335, 4, 297.73),
(2015, 3, 335, 5, 2232.97),
(2016, 3, 335, 6, 7236.44),
(2017, 4, 336, 1, 675047.88),
(2018, 4, 336, 2, 21702.54),
(2019, 4, 336, 3, 21703625.74),
(2020, 4, 336, 4, 33752.39),
(2021, 4, 336, 5, 253143.73),
(2022, 4, 336, 6, 820370.29),
(2023, 1, 337, 1, 4339.60),
(2024, 1, 337, 2, 139.52),
(2025, 1, 337, 3, 139523.52),
(2026, 1, 337, 4, 216.98),
(2027, 1, 337, 5, 1627.35),
(2028, 1, 337, 6, 5273.82),
(2029, 2, 338, 1, 6513.96),
(2030, 2, 338, 2, 209.43),
(2031, 2, 338, 3, 209431.78),
(2032, 2, 338, 4, 325.70),
(2033, 2, 338, 5, 2442.73),
(2034, 2, 338, 6, 7916.27),
(2035, 3, 339, 1, 5973.24),
(2036, 3, 339, 2, 192.04),
(2037, 3, 339, 3, 192047.15),
(2038, 3, 339, 4, 298.66),
(2039, 3, 339, 5, 2239.97),
(2040, 3, 339, 6, 7259.15),
(2041, 4, 340, 1, 676990.62),
(2042, 4, 340, 2, 21765.54),
(2043, 4, 340, 3, 21766087.69),
(2044, 4, 340, 4, 33849.53),
(2045, 4, 340, 5, 253871.48),
(2046, 4, 340, 6, 822731.74),
(2047, 1, 341, 1, 4351.30),
(2048, 1, 341, 2, 139.90),
(2049, 1, 341, 3, 139899.69),
(2050, 1, 341, 4, 217.57),
(2051, 1, 341, 5, 1631.74),
(2052, 1, 341, 6, 5288.04),
(2053, 2, 342, 1, 6526.73),
(2054, 2, 342, 2, 209.84),
(2055, 2, 342, 3, 209842.54),
(2056, 2, 342, 4, 326.34),
(2057, 2, 342, 5, 2447.53),
(2058, 2, 342, 6, 7931.80),
(2059, 3, 343, 1, 5986.30),
(2060, 3, 343, 2, 192.47),
(2061, 3, 343, 3, 192467.00),
(2062, 3, 343, 4, 299.32),
(2063, 3, 343, 5, 2244.87),
(2064, 3, 343, 6, 7275.02),
(2065, 4, 344, 1, 678372.02),
(2066, 4, 344, 2, 21810.55),
(2067, 4, 344, 3, 21810501.57),
(2068, 4, 344, 4, 33919.38),
(2069, 4, 344, 5, 254389.90),
(2070, 4, 344, 6, 824410.72),
(2071, 1, 345, 1, 4291.20),
(2072, 1, 345, 2, 137.97),
(2073, 1, 345, 3, 137967.40),
(2074, 1, 345, 4, 214.56),
(2075, 1, 345, 5, 1609.20),
(2076, 1, 345, 6, 5215.00),
(2077, 2, 346, 1, 6461.90),
(2078, 2, 346, 2, 207.76),
(2079, 2, 346, 3, 207758.21),
(2080, 2, 346, 4, 323.10),
(2081, 2, 346, 5, 2423.21),
(2082, 2, 346, 6, 7853.01),
(2083, 3, 347, 1, 5914.35),
(2084, 3, 347, 2, 190.16),
(2085, 3, 347, 3, 190153.57),
(2086, 3, 347, 4, 295.72),
(2087, 3, 347, 5, 2217.88),
(2088, 3, 347, 6, 7187.57),
(2089, 4, 348, 1, 669341.38),
(2090, 4, 348, 2, 21520.56),
(2091, 4, 348, 3, 21520155.05),
(2092, 4, 348, 4, 33467.07),
(2093, 4, 348, 5, 251003.02),
(2094, 4, 348, 6, 813435.70),
(2095, 1, 349, 1, 4278.20),
(2096, 1, 349, 2, 137.55),
(2097, 1, 349, 3, 137549.43),
(2098, 1, 349, 4, 213.91),
(2099, 1, 349, 5, 1604.33),
(2100, 1, 349, 6, 5199.20),
(2101, 2, 350, 1, 6445.75),
(2102, 2, 350, 2, 207.24),
(2103, 2, 350, 3, 207238.85),
(2104, 2, 350, 4, 322.29),
(2105, 2, 350, 5, 2417.16),
(2106, 2, 350, 6, 7833.37),
(2107, 3, 351, 1, 5899.00),
(2108, 3, 351, 2, 189.66),
(2109, 3, 351, 3, 189660.03),
(2110, 3, 351, 4, 294.95),
(2111, 3, 351, 5, 2212.13),
(2112, 3, 351, 6, 7168.92),
(2113, 4, 352, 1, 666607.73),
(2114, 4, 352, 2, 21432.35),
(2115, 4, 352, 3, 21432264.44),
(2116, 4, 352, 4, 33330.39),
(2117, 4, 352, 5, 249978.68),
(2118, 4, 352, 6, 810113.35),
(2119, 1, 353, 1, 4295.20),
(2120, 1, 353, 2, 138.09),
(2121, 1, 353, 3, 138096.00),
(2122, 1, 353, 4, 214.76),
(2123, 1, 353, 5, 1610.70),
(2124, 1, 353, 6, 5219.86),
(2125, 2, 354, 1, 6456.76),
(2126, 2, 354, 2, 207.58),
(2127, 2, 354, 3, 207592.81),
(2128, 2, 354, 4, 322.84),
(2129, 2, 354, 5, 2421.28),
(2130, 2, 354, 6, 7846.75),
(2131, 3, 355, 1, 5914.28),
(2132, 3, 355, 2, 190.14),
(2133, 3, 355, 3, 190151.29),
(2134, 3, 355, 4, 295.71),
(2135, 3, 355, 5, 2217.85),
(2136, 3, 355, 6, 7187.49),
(2137, 4, 356, 1, 669239.41),
(2138, 4, 356, 2, 21515.94),
(2139, 4, 356, 3, 21516875.86),
(2140, 4, 356, 4, 33461.97),
(2141, 4, 356, 5, 250964.78),
(2142, 4, 356, 6, 813311.61),
(2143, 1, 357, 1, 4294.60),
(2144, 1, 357, 2, 138.07),
(2145, 1, 357, 3, 138076.71),
(2146, 1, 357, 4, 214.73),
(2147, 1, 357, 5, 1610.48),
(2148, 1, 357, 6, 5219.13),
(2149, 2, 358, 1, 6455.43),
(2150, 2, 358, 2, 207.54),
(2151, 2, 358, 3, 207550.01),
(2152, 2, 358, 4, 322.77),
(2153, 2, 358, 5, 2420.79),
(2154, 2, 358, 6, 7845.14),
(2155, 3, 359, 1, 5914.31),
(2156, 3, 359, 2, 190.14),
(2157, 3, 359, 3, 190152.34),
(2158, 3, 359, 4, 295.72),
(2159, 3, 359, 5, 2217.87),
(2160, 3, 359, 6, 7187.52),
(2161, 4, 360, 1, 669042.85),
(2162, 4, 360, 2, 21509.51),
(2163, 4, 360, 3, 21510556.42),
(2164, 4, 360, 4, 33452.14),
(2165, 4, 360, 5, 250891.85),
(2166, 4, 360, 6, 813072.61),
(2167, 1, 361, 1, 4295.70),
(2168, 1, 361, 2, 138.11),
(2169, 1, 361, 3, 138112.08),
(2170, 1, 361, 4, 214.79),
(2171, 1, 361, 5, 1610.89),
(2172, 1, 361, 6, 5220.47),
(2173, 2, 362, 1, 6458.80),
(2174, 2, 362, 2, 207.66),
(2175, 2, 362, 3, 207658.42),
(2176, 2, 362, 4, 322.95),
(2177, 2, 362, 5, 2422.05),
(2178, 2, 362, 6, 7849.24),
(2179, 3, 363, 1, 5915.18),
(2180, 3, 363, 2, 190.18),
(2181, 3, 363, 3, 190180.33),
(2182, 3, 363, 4, 295.77),
(2183, 3, 363, 5, 2218.20),
(2184, 3, 363, 6, 7188.59),
(2185, 4, 364, 1, 669725.40),
(2186, 4, 364, 2, 21532.18),
(2187, 4, 364, 3, 21532501.94),
(2188, 4, 364, 4, 33487.05),
(2189, 4, 364, 5, 251147.42),
(2190, 4, 364, 6, 813902.60),
(2191, 1, 365, 1, 4296.30),
(2192, 1, 365, 2, 138.13),
(2193, 1, 365, 3, 138131.37),
(2194, 1, 365, 4, 214.82),
(2195, 1, 365, 5, 1611.11),
(2196, 1, 365, 6, 5221.20),
(2197, 2, 366, 1, 6460.99),
(2198, 2, 366, 2, 207.73),
(2199, 2, 366, 3, 207728.86),
(2200, 2, 366, 4, 323.06),
(2201, 2, 366, 5, 2422.87),
(2202, 2, 366, 6, 7851.90),
(2203, 3, 367, 1, 5915.79),
(2204, 3, 367, 2, 190.20),
(2205, 3, 367, 3, 190199.99),
(2206, 3, 367, 4, 295.80),
(2207, 3, 367, 5, 2218.42),
(2208, 3, 367, 6, 7189.33),
(2209, 4, 368, 1, 669677.17),
(2210, 4, 368, 2, 21530.74),
(2211, 4, 368, 3, 21530951.04),
(2212, 4, 368, 4, 33484.64),
(2213, 4, 368, 5, 251128.55),
(2214, 4, 368, 6, 813844.11),
(2215, 1, 369, 1, 4300.00),
(2216, 1, 369, 2, 138.25),
(2217, 1, 369, 3, 138250.33),
(2218, 1, 369, 4, 215.00),
(2219, 1, 369, 5, 1612.50),
(2220, 1, 369, 6, 5225.70),
(2221, 2, 370, 1, 6462.69),
(2222, 2, 370, 2, 207.78),
(2223, 2, 370, 3, 207783.33),
(2224, 2, 370, 4, 323.13),
(2225, 2, 370, 5, 2423.51),
(2226, 2, 370, 6, 7853.97),
(2227, 3, 371, 1, 5922.18),
(2228, 3, 371, 2, 190.40),
(2229, 3, 371, 3, 190405.27),
(2230, 3, 371, 4, 296.11),
(2231, 3, 371, 5, 2220.82),
(2232, 3, 371, 6, 7197.10),
(2233, 4, 372, 1, 670077.60),
(2234, 4, 372, 2, 21543.77),
(2235, 4, 372, 3, 21543825.42),
(2236, 4, 372, 4, 33503.88),
(2237, 4, 372, 5, 251279.10),
(2238, 4, 372, 6, 814331.28),
(2239, 1, 373, 1, 4298.70),
(2240, 1, 373, 2, 138.21),
(2241, 1, 373, 3, 138208.53),
(2242, 1, 373, 4, 214.94),
(2243, 1, 373, 5, 1612.01),
(2244, 1, 373, 6, 5224.12),
(2245, 2, 374, 1, 6462.45),
(2246, 2, 374, 2, 207.78),
(2247, 2, 374, 3, 207775.79),
(2248, 2, 374, 4, 323.13),
(2249, 2, 374, 5, 2423.42),
(2250, 2, 374, 6, 7853.68),
(2251, 3, 375, 1, 5920.81),
(2252, 3, 375, 2, 190.36),
(2253, 3, 375, 3, 190361.52),
(2254, 3, 375, 4, 296.05),
(2255, 3, 375, 5, 2220.30),
(2256, 3, 375, 6, 7195.44),
(2257, 4, 376, 1, 669866.42),
(2258, 4, 376, 2, 21537.26),
(2259, 4, 376, 3, 21537035.23),
(2260, 4, 376, 4, 33494.10),
(2261, 4, 376, 5, 251199.52),
(2262, 4, 376, 6, 814074.62),
(2263, 1, 377, 1, 4298.70),
(2264, 1, 377, 2, 138.21),
(2265, 1, 377, 3, 138208.53),
(2266, 1, 377, 4, 214.94),
(2267, 1, 377, 5, 1612.01),
(2268, 1, 377, 6, 5224.12),
(2269, 2, 378, 1, 6462.45),
(2270, 2, 378, 2, 207.78),
(2271, 2, 378, 3, 207775.79),
(2272, 2, 378, 4, 323.13),
(2273, 2, 378, 5, 2423.42),
(2274, 2, 378, 6, 7853.68),
(2275, 3, 379, 1, 5920.81),
(2276, 3, 379, 2, 190.36),
(2277, 3, 379, 3, 190361.52),
(2278, 3, 379, 4, 296.05),
(2279, 3, 379, 5, 2220.30),
(2280, 3, 379, 6, 7195.44),
(2281, 4, 380, 1, 669866.42),
(2282, 4, 380, 2, 21537.26),
(2283, 4, 380, 3, 21537035.23),
(2284, 4, 380, 4, 33494.10),
(2285, 4, 380, 5, 251199.52),
(2286, 4, 380, 6, 814074.62),
(2287, 1, 381, 1, 4298.70),
(2288, 1, 381, 2, 138.21),
(2289, 1, 381, 3, 138208.53),
(2290, 1, 381, 4, 214.94),
(2291, 1, 381, 5, 1612.01),
(2292, 1, 381, 6, 5224.12),
(2293, 2, 382, 1, 6462.45),
(2294, 2, 382, 2, 207.78),
(2295, 2, 382, 3, 207775.79),
(2296, 2, 382, 4, 323.13),
(2297, 2, 382, 5, 2423.42),
(2298, 2, 382, 6, 7853.68),
(2299, 3, 383, 1, 5920.81),
(2300, 3, 383, 2, 190.36),
(2301, 3, 383, 3, 190361.52),
(2302, 3, 383, 4, 296.05),
(2303, 3, 383, 5, 2220.30),
(2304, 3, 383, 6, 7195.44),
(2305, 4, 384, 1, 669866.42),
(2306, 4, 384, 2, 21537.26),
(2307, 4, 384, 3, 21537035.23),
(2308, 4, 384, 4, 33494.10),
(2309, 4, 384, 5, 251199.52),
(2310, 4, 384, 6, 814074.62),
(2311, 1, 385, 1, 4298.70),
(2312, 1, 385, 2, 138.21),
(2313, 1, 385, 3, 138208.53),
(2314, 1, 385, 4, 214.94),
(2315, 1, 385, 5, 1612.01),
(2316, 1, 385, 6, 5224.12),
(2317, 2, 386, 1, 6462.45),
(2318, 2, 386, 2, 207.78),
(2319, 2, 386, 3, 207775.79),
(2320, 2, 386, 4, 323.13),
(2321, 2, 386, 5, 2423.42),
(2322, 2, 386, 6, 7853.68),
(2323, 3, 387, 1, 5920.81),
(2324, 3, 387, 2, 190.36),
(2325, 3, 387, 3, 190361.52),
(2326, 3, 387, 4, 296.05),
(2327, 3, 387, 5, 2220.30),
(2328, 3, 387, 6, 7195.44),
(2329, 4, 388, 1, 669866.42),
(2330, 4, 388, 2, 21537.26),
(2331, 4, 388, 3, 21537035.23),
(2332, 4, 388, 4, 33494.10),
(2333, 4, 388, 5, 251199.52),
(2334, 4, 388, 6, 814074.62),
(2335, 1, 389, 1, 4298.70),
(2336, 1, 389, 2, 138.21),
(2337, 1, 389, 3, 138208.53),
(2338, 1, 389, 4, 214.94),
(2339, 1, 389, 5, 1612.01),
(2340, 1, 389, 6, 5224.12),
(2341, 2, 390, 1, 6462.45),
(2342, 2, 390, 2, 207.78),
(2343, 2, 390, 3, 207775.79),
(2344, 2, 390, 4, 323.13),
(2345, 2, 390, 5, 2423.42),
(2346, 2, 390, 6, 7853.68),
(2347, 3, 391, 1, 5920.81),
(2348, 3, 391, 2, 190.36),
(2349, 3, 391, 3, 190361.52),
(2350, 3, 391, 4, 296.05),
(2351, 3, 391, 5, 2220.30),
(2352, 3, 391, 6, 7195.44),
(2353, 4, 392, 1, 669866.42),
(2354, 4, 392, 2, 21537.26),
(2355, 4, 392, 3, 21537035.23),
(2356, 4, 392, 4, 33494.10),
(2357, 4, 392, 5, 251199.52),
(2358, 4, 392, 6, 814074.62),
(2359, 1, 393, 1, 4298.70),
(2360, 1, 393, 2, 138.21),
(2361, 1, 393, 3, 138208.53),
(2362, 1, 393, 4, 214.94),
(2363, 1, 393, 5, 1612.01),
(2364, 1, 393, 6, 5224.12),
(2365, 2, 394, 1, 6462.45),
(2366, 2, 394, 2, 207.78),
(2367, 2, 394, 3, 207775.79),
(2368, 2, 394, 4, 323.13),
(2369, 2, 394, 5, 2423.42),
(2370, 2, 394, 6, 7853.68),
(2371, 3, 395, 1, 5920.81),
(2372, 3, 395, 2, 190.36),
(2373, 3, 395, 3, 190361.52),
(2374, 3, 395, 4, 296.05),
(2375, 3, 395, 5, 2220.30),
(2376, 3, 395, 6, 7195.44),
(2377, 4, 396, 1, 669866.42),
(2378, 4, 396, 2, 21537.26),
(2379, 4, 396, 3, 21537035.23),
(2380, 4, 396, 4, 33494.10),
(2381, 4, 396, 5, 251199.52),
(2382, 4, 396, 6, 814074.62),
(2383, 1, 397, 1, 4298.70),
(2384, 1, 397, 2, 138.21),
(2385, 1, 397, 3, 138208.53),
(2386, 1, 397, 4, 214.94),
(2387, 1, 397, 5, 1612.01),
(2388, 1, 397, 6, 5224.12),
(2389, 2, 398, 1, 6462.45),
(2390, 2, 398, 2, 207.78),
(2391, 2, 398, 3, 207775.79),
(2392, 2, 398, 4, 323.13),
(2393, 2, 398, 5, 2423.42),
(2394, 2, 398, 6, 7853.68),
(2395, 3, 399, 1, 5920.81),
(2396, 3, 399, 2, 190.36),
(2397, 3, 399, 3, 190361.52),
(2398, 3, 399, 4, 296.05),
(2399, 3, 399, 5, 2220.30),
(2400, 3, 399, 6, 7195.44),
(2401, 4, 400, 1, 669866.42),
(2402, 4, 400, 2, 21537.26),
(2403, 4, 400, 3, 21537035.23),
(2404, 4, 400, 4, 33494.10),
(2405, 4, 400, 5, 251199.52),
(2406, 4, 400, 6, 814074.62),
(2407, 1, 401, 1, 4298.70),
(2408, 1, 401, 2, 138.21),
(2409, 1, 401, 3, 138208.53),
(2410, 1, 401, 4, 214.94),
(2411, 1, 401, 5, 1612.01),
(2412, 1, 401, 6, 5224.12),
(2413, 2, 402, 1, 6462.45),
(2414, 2, 402, 2, 207.78),
(2415, 2, 402, 3, 207775.79),
(2416, 2, 402, 4, 323.13),
(2417, 2, 402, 5, 2423.42),
(2418, 2, 402, 6, 7853.68),
(2419, 3, 403, 1, 5920.81),
(2420, 3, 403, 2, 190.36),
(2421, 3, 403, 3, 190361.52),
(2422, 3, 403, 4, 296.05),
(2423, 3, 403, 5, 2220.30),
(2424, 3, 403, 6, 7195.44),
(2425, 4, 404, 1, 669866.42),
(2426, 4, 404, 2, 21537.26),
(2427, 4, 404, 3, 21537035.23),
(2428, 4, 404, 4, 33494.10),
(2429, 4, 404, 5, 251199.52),
(2430, 4, 404, 6, 814074.62),
(2431, 1, 405, 1, 4298.70),
(2432, 1, 405, 2, 138.21),
(2433, 1, 405, 3, 138208.53),
(2434, 1, 405, 4, 214.94),
(2435, 1, 405, 5, 1612.01),
(2436, 1, 405, 6, 5224.12),
(2437, 2, 406, 1, 6462.45),
(2438, 2, 406, 2, 207.78),
(2439, 2, 406, 3, 207775.79),
(2440, 2, 406, 4, 323.13),
(2441, 2, 406, 5, 2423.42),
(2442, 2, 406, 6, 7853.68),
(2443, 3, 407, 1, 5920.81),
(2444, 3, 407, 2, 190.36),
(2445, 3, 407, 3, 190361.52),
(2446, 3, 407, 4, 296.05),
(2447, 3, 407, 5, 2220.30),
(2448, 3, 407, 6, 7195.44),
(2449, 4, 408, 1, 669866.42),
(2450, 4, 408, 2, 21537.26),
(2451, 4, 408, 3, 21537035.23),
(2452, 4, 408, 4, 33494.10),
(2453, 4, 408, 5, 251199.52),
(2454, 4, 408, 6, 814074.62),
(2455, 1, 409, 1, 4298.70),
(2456, 1, 409, 2, 138.21),
(2457, 1, 409, 3, 138208.53),
(2458, 1, 409, 4, 214.94),
(2459, 1, 409, 5, 1612.01),
(2460, 1, 409, 6, 5224.12),
(2461, 2, 410, 1, 6462.45),
(2462, 2, 410, 2, 207.78),
(2463, 2, 410, 3, 207775.79),
(2464, 2, 410, 4, 323.13),
(2465, 2, 410, 5, 2423.42),
(2466, 2, 410, 6, 7853.68),
(2467, 3, 411, 1, 5920.81),
(2468, 3, 411, 2, 190.36),
(2469, 3, 411, 3, 190361.52),
(2470, 3, 411, 4, 296.05),
(2471, 3, 411, 5, 2220.30),
(2472, 3, 411, 6, 7195.44),
(2473, 4, 412, 1, 669866.42),
(2474, 4, 412, 2, 21537.26),
(2475, 4, 412, 3, 21537035.23),
(2476, 4, 412, 4, 33494.10),
(2477, 4, 412, 5, 251199.52),
(2478, 4, 412, 6, 814074.62),
(2479, 1, 413, 1, 4298.70),
(2480, 1, 413, 2, 138.21),
(2481, 1, 413, 3, 138208.53),
(2482, 1, 413, 4, 214.94),
(2483, 1, 413, 5, 1612.01),
(2484, 1, 413, 6, 5224.12),
(2485, 2, 414, 1, 6462.45),
(2486, 2, 414, 2, 207.78),
(2487, 2, 414, 3, 207775.79),
(2488, 2, 414, 4, 323.13),
(2489, 2, 414, 5, 2423.42),
(2490, 2, 414, 6, 7853.68),
(2491, 3, 415, 1, 5920.81),
(2492, 3, 415, 2, 190.36),
(2493, 3, 415, 3, 190361.52),
(2494, 3, 415, 4, 296.05),
(2495, 3, 415, 5, 2220.30),
(2496, 3, 415, 6, 7195.44),
(2497, 4, 416, 1, 669866.42),
(2498, 4, 416, 2, 21537.26),
(2499, 4, 416, 3, 21537035.23),
(2500, 4, 416, 4, 33494.10),
(2501, 4, 416, 5, 251199.52),
(2502, 4, 416, 6, 814074.62),
(2503, 1, 417, 1, 4298.70),
(2504, 1, 417, 2, 138.21),
(2505, 1, 417, 3, 138208.53),
(2506, 1, 417, 4, 214.94),
(2507, 1, 417, 5, 1612.01),
(2508, 1, 417, 6, 5224.12),
(2509, 2, 418, 1, 6462.45),
(2510, 2, 418, 2, 207.78),
(2511, 2, 418, 3, 207775.79),
(2512, 2, 418, 4, 323.13),
(2513, 2, 418, 5, 2423.42),
(2514, 2, 418, 6, 7853.68),
(2515, 3, 419, 1, 5920.81),
(2516, 3, 419, 2, 190.36),
(2517, 3, 419, 3, 190361.52),
(2518, 3, 419, 4, 296.05),
(2519, 3, 419, 5, 2220.30),
(2520, 3, 419, 6, 7195.44),
(2521, 4, 420, 1, 669866.42),
(2522, 4, 420, 2, 21537.26),
(2523, 4, 420, 3, 21537035.23),
(2524, 4, 420, 4, 33494.10),
(2525, 4, 420, 5, 251199.52),
(2526, 4, 420, 6, 814074.62),
(2527, 1, 421, 1, 4298.70),
(2528, 1, 421, 2, 138.21),
(2529, 1, 421, 3, 138208.53),
(2530, 1, 421, 4, 214.94),
(2531, 1, 421, 5, 1612.01),
(2532, 1, 421, 6, 5224.12),
(2533, 2, 422, 1, 6462.45),
(2534, 2, 422, 2, 207.78),
(2535, 2, 422, 3, 207775.79),
(2536, 2, 422, 4, 323.13),
(2537, 2, 422, 5, 2423.42),
(2538, 2, 422, 6, 7853.68),
(2539, 3, 423, 1, 5920.81),
(2540, 3, 423, 2, 190.36),
(2541, 3, 423, 3, 190361.52),
(2542, 3, 423, 4, 296.05),
(2543, 3, 423, 5, 2220.30),
(2544, 3, 423, 6, 7195.44),
(2545, 4, 424, 1, 669866.42),
(2546, 4, 424, 2, 21537.26),
(2547, 4, 424, 3, 21537035.23),
(2548, 4, 424, 4, 33494.10),
(2549, 4, 424, 5, 251199.52),
(2550, 4, 424, 6, 814074.62),
(2551, 1, 425, 1, 4298.70),
(2552, 1, 425, 2, 138.21),
(2553, 1, 425, 3, 138208.53),
(2554, 1, 425, 4, 214.94),
(2555, 1, 425, 5, 1612.01),
(2556, 1, 425, 6, 5224.12),
(2557, 2, 426, 1, 6462.45),
(2558, 2, 426, 2, 207.78),
(2559, 2, 426, 3, 207775.79),
(2560, 2, 426, 4, 323.13),
(2561, 2, 426, 5, 2423.42),
(2562, 2, 426, 6, 7853.68),
(2563, 3, 427, 1, 5920.81),
(2564, 3, 427, 2, 190.36),
(2565, 3, 427, 3, 190361.52),
(2566, 3, 427, 4, 296.05),
(2567, 3, 427, 5, 2220.30),
(2568, 3, 427, 6, 7195.44),
(2569, 4, 428, 1, 669866.42),
(2570, 4, 428, 2, 21537.26),
(2571, 4, 428, 3, 21537035.23),
(2572, 4, 428, 4, 33494.10),
(2573, 4, 428, 5, 251199.52),
(2574, 4, 428, 6, 814074.62),
(2575, 1, 429, 1, 4298.70),
(2576, 1, 429, 2, 138.21),
(2577, 1, 429, 3, 138208.53),
(2578, 1, 429, 4, 214.94),
(2579, 1, 429, 5, 1612.01),
(2580, 1, 429, 6, 5224.12),
(2581, 2, 430, 1, 6462.45),
(2582, 2, 430, 2, 207.78),
(2583, 2, 430, 3, 207775.79),
(2584, 2, 430, 4, 323.13),
(2585, 2, 430, 5, 2423.42),
(2586, 2, 430, 6, 7853.68),
(2587, 3, 431, 1, 5920.81),
(2588, 3, 431, 2, 190.36),
(2589, 3, 431, 3, 190361.52),
(2590, 3, 431, 4, 296.05),
(2591, 3, 431, 5, 2220.30),
(2592, 3, 431, 6, 7195.44),
(2593, 4, 432, 1, 669866.42),
(2594, 4, 432, 2, 21537.26),
(2595, 4, 432, 3, 21537035.23),
(2596, 4, 432, 4, 33494.10),
(2597, 4, 432, 5, 251199.52),
(2598, 4, 432, 6, 814074.62),
(2599, 1, 433, 1, 4298.70),
(2600, 1, 433, 2, 138.21),
(2601, 1, 433, 3, 138208.53),
(2602, 1, 433, 4, 214.94),
(2603, 1, 433, 5, 1612.01),
(2604, 1, 433, 6, 5224.12),
(2605, 2, 434, 1, 6462.45),
(2606, 2, 434, 2, 207.78),
(2607, 2, 434, 3, 207775.79),
(2608, 2, 434, 4, 323.13),
(2609, 2, 434, 5, 2423.42),
(2610, 2, 434, 6, 7853.68),
(2611, 3, 435, 1, 5920.81),
(2612, 3, 435, 2, 190.36),
(2613, 3, 435, 3, 190361.52),
(2614, 3, 435, 4, 296.05),
(2615, 3, 435, 5, 2220.30),
(2616, 3, 435, 6, 7195.44),
(2617, 4, 436, 1, 669866.42),
(2618, 4, 436, 2, 21537.26),
(2619, 4, 436, 3, 21537035.23),
(2620, 4, 436, 4, 33494.10),
(2621, 4, 436, 5, 251199.52),
(2622, 4, 436, 6, 814074.62),
(2623, 1, 437, 1, 4298.70),
(2624, 1, 437, 2, 138.21),
(2625, 1, 437, 3, 138208.53),
(2626, 1, 437, 4, 214.94),
(2627, 1, 437, 5, 1612.01),
(2628, 1, 437, 6, 5224.12),
(2629, 2, 438, 1, 6462.45),
(2630, 2, 438, 2, 207.78),
(2631, 2, 438, 3, 207775.79),
(2632, 2, 438, 4, 323.13),
(2633, 2, 438, 5, 2423.42),
(2634, 2, 438, 6, 7853.68),
(2635, 3, 439, 1, 5920.81),
(2636, 3, 439, 2, 190.36),
(2637, 3, 439, 3, 190361.52),
(2638, 3, 439, 4, 296.05),
(2639, 3, 439, 5, 2220.30),
(2640, 3, 439, 6, 7195.44),
(2641, 4, 440, 1, 669866.42),
(2642, 4, 440, 2, 21537.26),
(2643, 4, 440, 3, 21537035.23),
(2644, 4, 440, 4, 33494.10),
(2645, 4, 440, 5, 251199.52),
(2646, 4, 440, 6, 814074.62),
(2647, 1, 441, 1, 4298.70),
(2648, 1, 441, 2, 138.21),
(2649, 1, 441, 3, 138208.53),
(2650, 1, 441, 4, 214.94),
(2651, 1, 441, 5, 1612.01),
(2652, 1, 441, 6, 5224.12),
(2653, 2, 442, 1, 6462.45),
(2654, 2, 442, 2, 207.78),
(2655, 2, 442, 3, 207775.79),
(2656, 2, 442, 4, 323.13),
(2657, 2, 442, 5, 2423.42),
(2658, 2, 442, 6, 7853.68),
(2659, 3, 443, 1, 5920.81),
(2660, 3, 443, 2, 190.36),
(2661, 3, 443, 3, 190361.52),
(2662, 3, 443, 4, 296.05),
(2663, 3, 443, 5, 2220.30),
(2664, 3, 443, 6, 7195.44),
(2665, 4, 444, 1, 669866.42),
(2666, 4, 444, 2, 21537.26),
(2667, 4, 444, 3, 21537035.23),
(2668, 4, 444, 4, 33494.10),
(2669, 4, 444, 5, 251199.52),
(2670, 4, 444, 6, 814074.62),
(2671, 1, 445, 1, 4298.70),
(2672, 1, 445, 2, 138.21),
(2673, 1, 445, 3, 138208.53),
(2674, 1, 445, 4, 214.94),
(2675, 1, 445, 5, 1612.01),
(2676, 1, 445, 6, 5224.12),
(2677, 2, 446, 1, 6462.45),
(2678, 2, 446, 2, 207.78),
(2679, 2, 446, 3, 207775.79),
(2680, 2, 446, 4, 323.13),
(2681, 2, 446, 5, 2423.42),
(2682, 2, 446, 6, 7853.68),
(2683, 3, 447, 1, 5920.81),
(2684, 3, 447, 2, 190.36),
(2685, 3, 447, 3, 190361.52),
(2686, 3, 447, 4, 296.05),
(2687, 3, 447, 5, 2220.30),
(2688, 3, 447, 6, 7195.44),
(2689, 4, 448, 1, 669866.42),
(2690, 4, 448, 2, 21537.26),
(2691, 4, 448, 3, 21537035.23),
(2692, 4, 448, 4, 33494.10),
(2693, 4, 448, 5, 251199.52),
(2694, 4, 448, 6, 814074.62),
(2695, 1, 449, 1, 4298.70),
(2696, 1, 449, 2, 138.21),
(2697, 1, 449, 3, 138208.53),
(2698, 1, 449, 4, 214.94),
(2699, 1, 449, 5, 1612.01),
(2700, 1, 449, 6, 5224.12),
(2701, 2, 450, 1, 6462.45),
(2702, 2, 450, 2, 207.78),
(2703, 2, 450, 3, 207775.79),
(2704, 2, 450, 4, 323.13),
(2705, 2, 450, 5, 2423.42),
(2706, 2, 450, 6, 7853.68),
(2707, 3, 451, 1, 5920.81),
(2708, 3, 451, 2, 190.36),
(2709, 3, 451, 3, 190361.52),
(2710, 3, 451, 4, 296.05),
(2711, 3, 451, 5, 2220.30),
(2712, 3, 451, 6, 7195.44),
(2713, 4, 452, 1, 669866.42),
(2714, 4, 452, 2, 21537.26),
(2715, 4, 452, 3, 21537035.23),
(2716, 4, 452, 4, 33494.10),
(2717, 4, 452, 5, 251199.52),
(2718, 4, 452, 6, 814074.62),
(2719, 1, 453, 1, 4298.70),
(2720, 1, 453, 2, 138.21),
(2721, 1, 453, 3, 138208.53),
(2722, 1, 453, 4, 214.94),
(2723, 1, 453, 5, 1612.01),
(2724, 1, 453, 6, 5224.12),
(2725, 2, 454, 1, 6462.45),
(2726, 2, 454, 2, 207.78),
(2727, 2, 454, 3, 207775.79),
(2728, 2, 454, 4, 323.13),
(2729, 2, 454, 5, 2423.42),
(2730, 2, 454, 6, 7853.68),
(2731, 3, 455, 1, 5920.81),
(2732, 3, 455, 2, 190.36),
(2733, 3, 455, 3, 190361.52),
(2734, 3, 455, 4, 296.05),
(2735, 3, 455, 5, 2220.30),
(2736, 3, 455, 6, 7195.44),
(2737, 4, 456, 1, 669866.42),
(2738, 4, 456, 2, 21537.26),
(2739, 4, 456, 3, 21537035.23),
(2740, 4, 456, 4, 33494.10),
(2741, 4, 456, 5, 251199.52),
(2742, 4, 456, 6, 814074.62),
(2743, 1, 457, 1, 4298.70),
(2744, 1, 457, 2, 138.21),
(2745, 1, 457, 3, 138208.53),
(2746, 1, 457, 4, 214.94),
(2747, 1, 457, 5, 1612.01),
(2748, 1, 457, 6, 5224.12),
(2749, 2, 458, 1, 6462.45),
(2750, 2, 458, 2, 207.78),
(2751, 2, 458, 3, 207775.79),
(2752, 2, 458, 4, 323.13),
(2753, 2, 458, 5, 2423.42),
(2754, 2, 458, 6, 7853.68),
(2755, 3, 459, 1, 5920.81),
(2756, 3, 459, 2, 190.36),
(2757, 3, 459, 3, 190361.52),
(2758, 3, 459, 4, 296.05),
(2759, 3, 459, 5, 2220.30),
(2760, 3, 459, 6, 7195.44),
(2761, 4, 460, 1, 669866.42),
(2762, 4, 460, 2, 21537.26),
(2763, 4, 460, 3, 21537035.23),
(2764, 4, 460, 4, 33494.10),
(2765, 4, 460, 5, 251199.52),
(2766, 4, 460, 6, 814074.62),
(2767, 1, 461, 1, 4298.70),
(2768, 1, 461, 2, 138.21),
(2769, 1, 461, 3, 138208.53),
(2770, 1, 461, 4, 214.94),
(2771, 1, 461, 5, 1612.01),
(2772, 1, 461, 6, 5224.12),
(2773, 2, 462, 1, 6462.45),
(2774, 2, 462, 2, 207.78),
(2775, 2, 462, 3, 207775.79),
(2776, 2, 462, 4, 323.13),
(2777, 2, 462, 5, 2423.42),
(2778, 2, 462, 6, 7853.68),
(2779, 3, 463, 1, 5920.81),
(2780, 3, 463, 2, 190.36),
(2781, 3, 463, 3, 190361.52),
(2782, 3, 463, 4, 296.05),
(2783, 3, 463, 5, 2220.30),
(2784, 3, 463, 6, 7195.44),
(2785, 4, 464, 1, 669866.42),
(2786, 4, 464, 2, 21537.26),
(2787, 4, 464, 3, 21537035.23),
(2788, 4, 464, 4, 33494.10),
(2789, 4, 464, 5, 251199.52),
(2790, 4, 464, 6, 814074.62),
(2791, 1, 465, 1, 4298.70),
(2792, 1, 465, 2, 138.21),
(2793, 1, 465, 3, 138208.53),
(2794, 1, 465, 4, 214.94),
(2795, 1, 465, 5, 1612.01),
(2796, 1, 465, 6, 5224.12),
(2797, 2, 466, 1, 6462.45),
(2798, 2, 466, 2, 207.78),
(2799, 2, 466, 3, 207775.79),
(2800, 2, 466, 4, 323.13),
(2801, 2, 466, 5, 2423.42),
(2802, 2, 466, 6, 7853.68),
(2803, 3, 467, 1, 5920.81),
(2804, 3, 467, 2, 190.36),
(2805, 3, 467, 3, 190361.52),
(2806, 3, 467, 4, 296.05),
(2807, 3, 467, 5, 2220.30),
(2808, 3, 467, 6, 7195.44),
(2809, 4, 468, 1, 669866.42),
(2810, 4, 468, 2, 21537.26),
(2811, 4, 468, 3, 21537035.23),
(2812, 4, 468, 4, 33494.10),
(2813, 4, 468, 5, 251199.52),
(2814, 4, 468, 6, 814074.62),
(2815, 1, 469, 1, 4298.70),
(2816, 1, 469, 2, 138.21),
(2817, 1, 469, 3, 138208.53),
(2818, 1, 469, 4, 214.94),
(2819, 1, 469, 5, 1612.01),
(2820, 1, 469, 6, 5224.12),
(2821, 2, 470, 1, 6462.45),
(2822, 2, 470, 2, 207.78),
(2823, 2, 470, 3, 207775.79),
(2824, 2, 470, 4, 323.13),
(2825, 2, 470, 5, 2423.42),
(2826, 2, 470, 6, 7853.68),
(2827, 3, 471, 1, 5920.81),
(2828, 3, 471, 2, 190.36),
(2829, 3, 471, 3, 190361.52),
(2830, 3, 471, 4, 296.05),
(2831, 3, 471, 5, 2220.30),
(2832, 3, 471, 6, 7195.44),
(2833, 4, 472, 1, 669866.42),
(2834, 4, 472, 2, 21537.26),
(2835, 4, 472, 3, 21537035.23),
(2836, 4, 472, 4, 33494.10),
(2837, 4, 472, 5, 251199.52),
(2838, 4, 472, 6, 814074.62),
(2839, 1, 473, 1, 4298.70),
(2840, 1, 473, 2, 138.21),
(2841, 1, 473, 3, 138208.53),
(2842, 1, 473, 4, 214.94),
(2843, 1, 473, 5, 1612.01),
(2844, 1, 473, 6, 5224.12),
(2845, 2, 474, 1, 6462.45),
(2846, 2, 474, 2, 207.78),
(2847, 2, 474, 3, 207775.79),
(2848, 2, 474, 4, 323.13),
(2849, 2, 474, 5, 2423.42),
(2850, 2, 474, 6, 7853.68),
(2851, 3, 475, 1, 5920.81),
(2852, 3, 475, 2, 190.36),
(2853, 3, 475, 3, 190361.52),
(2854, 3, 475, 4, 296.05),
(2855, 3, 475, 5, 2220.30),
(2856, 3, 475, 6, 7195.44),
(2857, 4, 476, 1, 669866.42),
(2858, 4, 476, 2, 21537.26),
(2859, 4, 476, 3, 21537035.23),
(2860, 4, 476, 4, 33494.10),
(2861, 4, 476, 5, 251199.52),
(2862, 4, 476, 6, 814074.62),
(2863, 1, 477, 1, 4298.70),
(2864, 1, 477, 2, 138.21),
(2865, 1, 477, 3, 138208.53),
(2866, 1, 477, 4, 214.94),
(2867, 1, 477, 5, 1612.01),
(2868, 1, 477, 6, 5224.12),
(2869, 2, 478, 1, 6462.45),
(2870, 2, 478, 2, 207.78),
(2871, 2, 478, 3, 207775.79),
(2872, 2, 478, 4, 323.13),
(2873, 2, 478, 5, 2423.42),
(2874, 2, 478, 6, 7853.68),
(2875, 3, 479, 1, 5920.81),
(2876, 3, 479, 2, 190.36),
(2877, 3, 479, 3, 190361.52),
(2878, 3, 479, 4, 296.05),
(2879, 3, 479, 5, 2220.30),
(2880, 3, 479, 6, 7195.44),
(2881, 4, 480, 1, 669866.42),
(2882, 4, 480, 2, 21537.26),
(2883, 4, 480, 3, 21537035.23),
(2884, 4, 480, 4, 33494.10),
(2885, 4, 480, 5, 251199.52),
(2886, 4, 480, 6, 814074.62),
(2887, 1, 481, 1, 4298.70),
(2888, 1, 481, 2, 138.21),
(2889, 1, 481, 3, 138208.53),
(2890, 1, 481, 4, 214.94),
(2891, 1, 481, 5, 1612.01),
(2892, 1, 481, 6, 5224.12),
(2893, 2, 482, 1, 6462.45),
(2894, 2, 482, 2, 207.78),
(2895, 2, 482, 3, 207775.79),
(2896, 2, 482, 4, 323.13),
(2897, 2, 482, 5, 2423.42),
(2898, 2, 482, 6, 7853.68),
(2899, 3, 483, 1, 5920.81),
(2900, 3, 483, 2, 190.36),
(2901, 3, 483, 3, 190361.52),
(2902, 3, 483, 4, 296.05),
(2903, 3, 483, 5, 2220.30),
(2904, 3, 483, 6, 7195.44),
(2905, 4, 484, 1, 669866.42),
(2906, 4, 484, 2, 21537.26),
(2907, 4, 484, 3, 21537035.23),
(2908, 4, 484, 4, 33494.10),
(2909, 4, 484, 5, 251199.52),
(2910, 4, 484, 6, 814074.62),
(2911, 1, 485, 1, 4298.70),
(2912, 1, 485, 2, 138.21),
(2913, 1, 485, 3, 138208.53),
(2914, 1, 485, 4, 214.94),
(2915, 1, 485, 5, 1612.01),
(2916, 1, 485, 6, 5224.12),
(2917, 2, 486, 1, 6462.45),
(2918, 2, 486, 2, 207.78),
(2919, 2, 486, 3, 207775.79),
(2920, 2, 486, 4, 323.13),
(2921, 2, 486, 5, 2423.42),
(2922, 2, 486, 6, 7853.68),
(2923, 3, 487, 1, 5920.81),
(2924, 3, 487, 2, 190.36),
(2925, 3, 487, 3, 190361.52),
(2926, 3, 487, 4, 296.05),
(2927, 3, 487, 5, 2220.30),
(2928, 3, 487, 6, 7195.44),
(2929, 4, 488, 1, 669866.42),
(2930, 4, 488, 2, 21537.26),
(2931, 4, 488, 3, 21537035.23),
(2932, 4, 488, 4, 33494.10),
(2933, 4, 488, 5, 251199.52),
(2934, 4, 488, 6, 814074.62),
(2935, 1, 489, 1, 4298.70),
(2936, 1, 489, 2, 138.21),
(2937, 1, 489, 3, 138208.53),
(2938, 1, 489, 4, 214.94),
(2939, 1, 489, 5, 1612.01),
(2940, 1, 489, 6, 5224.12),
(2941, 2, 490, 1, 6462.45),
(2942, 2, 490, 2, 207.78),
(2943, 2, 490, 3, 207775.79),
(2944, 2, 490, 4, 323.13),
(2945, 2, 490, 5, 2423.42),
(2946, 2, 490, 6, 7853.68),
(2947, 3, 491, 1, 5920.81),
(2948, 3, 491, 2, 190.36),
(2949, 3, 491, 3, 190361.52),
(2950, 3, 491, 4, 296.05),
(2951, 3, 491, 5, 2220.30),
(2952, 3, 491, 6, 7195.44),
(2953, 4, 492, 1, 669866.42),
(2954, 4, 492, 2, 21537.26),
(2955, 4, 492, 3, 21537035.23),
(2956, 4, 492, 4, 33494.10),
(2957, 4, 492, 5, 251199.52),
(2958, 4, 492, 6, 814074.62),
(2959, 1, 493, 1, 4298.70),
(2960, 1, 493, 2, 138.21),
(2961, 1, 493, 3, 138208.53),
(2962, 1, 493, 4, 214.94),
(2963, 1, 493, 5, 1612.01),
(2964, 1, 493, 6, 5224.12),
(2965, 2, 494, 1, 6462.45),
(2966, 2, 494, 2, 207.78),
(2967, 2, 494, 3, 207775.79),
(2968, 2, 494, 4, 323.13),
(2969, 2, 494, 5, 2423.42),
(2970, 2, 494, 6, 7853.68),
(2971, 3, 495, 1, 5920.81),
(2972, 3, 495, 2, 190.36),
(2973, 3, 495, 3, 190361.52),
(2974, 3, 495, 4, 296.05),
(2975, 3, 495, 5, 2220.30),
(2976, 3, 495, 6, 7195.44),
(2977, 4, 496, 1, 669866.42),
(2978, 4, 496, 2, 21537.26),
(2979, 4, 496, 3, 21537035.23),
(2980, 4, 496, 4, 33494.10),
(2981, 4, 496, 5, 251199.52),
(2982, 4, 496, 6, 814074.62),
(2983, 1, 497, 1, 4298.70),
(2984, 1, 497, 2, 138.21),
(2985, 1, 497, 3, 138208.53),
(2986, 1, 497, 4, 214.94),
(2987, 1, 497, 5, 1612.01),
(2988, 1, 497, 6, 5224.12),
(2989, 2, 498, 1, 6462.45),
(2990, 2, 498, 2, 207.78),
(2991, 2, 498, 3, 207775.79),
(2992, 2, 498, 4, 323.13),
(2993, 2, 498, 5, 2423.42),
(2994, 2, 498, 6, 7853.68),
(2995, 3, 499, 1, 5920.81),
(2996, 3, 499, 2, 190.36),
(2997, 3, 499, 3, 190361.52),
(2998, 3, 499, 4, 296.05),
(2999, 3, 499, 5, 2220.30),
(3000, 3, 499, 6, 7195.44),
(3001, 4, 500, 1, 669866.42),
(3002, 4, 500, 2, 21537.26),
(3003, 4, 500, 3, 21537035.23),
(3004, 4, 500, 4, 33494.10),
(3005, 4, 500, 5, 251199.52),
(3006, 4, 500, 6, 814074.62),
(3007, 1, 501, 1, 4298.70),
(3008, 1, 501, 2, 138.21),
(3009, 1, 501, 3, 138208.53),
(3010, 1, 501, 4, 214.94),
(3011, 1, 501, 5, 1612.01),
(3012, 1, 501, 6, 5224.12),
(3013, 2, 502, 1, 6462.45),
(3014, 2, 502, 2, 207.78),
(3015, 2, 502, 3, 207775.79),
(3016, 2, 502, 4, 323.13),
(3017, 2, 502, 5, 2423.42),
(3018, 2, 502, 6, 7853.68),
(3019, 3, 503, 1, 5920.81),
(3020, 3, 503, 2, 190.36),
(3021, 3, 503, 3, 190361.52),
(3022, 3, 503, 4, 296.05),
(3023, 3, 503, 5, 2220.30),
(3024, 3, 503, 6, 7195.44),
(3025, 4, 504, 1, 669866.42),
(3026, 4, 504, 2, 21537.26),
(3027, 4, 504, 3, 21537035.23),
(3028, 4, 504, 4, 33494.10),
(3029, 4, 504, 5, 251199.52),
(3030, 4, 504, 6, 814074.62),
(3031, 1, 505, 1, 4298.70),
(3032, 1, 505, 2, 138.21),
(3033, 1, 505, 3, 138208.53),
(3034, 1, 505, 4, 214.94),
(3035, 1, 505, 5, 1612.01),
(3036, 1, 505, 6, 5224.12),
(3037, 2, 506, 1, 6462.45),
(3038, 2, 506, 2, 207.78),
(3039, 2, 506, 3, 207775.79),
(3040, 2, 506, 4, 323.13),
(3041, 2, 506, 5, 2423.42),
(3042, 2, 506, 6, 7853.68),
(3043, 3, 507, 1, 5920.81),
(3044, 3, 507, 2, 190.36),
(3045, 3, 507, 3, 190361.52),
(3046, 3, 507, 4, 296.05),
(3047, 3, 507, 5, 2220.30),
(3048, 3, 507, 6, 7195.44),
(3049, 4, 508, 1, 669866.42),
(3050, 4, 508, 2, 21537.26),
(3051, 4, 508, 3, 21537035.23),
(3052, 4, 508, 4, 33494.10),
(3053, 4, 508, 5, 251199.52),
(3054, 4, 508, 6, 814074.62),
(3055, 1, 509, 1, 4298.70),
(3056, 1, 509, 2, 138.21),
(3057, 1, 509, 3, 138208.53),
(3058, 1, 509, 4, 214.94),
(3059, 1, 509, 5, 1612.01),
(3060, 1, 509, 6, 5224.12),
(3061, 2, 510, 1, 6462.45),
(3062, 2, 510, 2, 207.78),
(3063, 2, 510, 3, 207775.79),
(3064, 2, 510, 4, 323.13),
(3065, 2, 510, 5, 2423.42),
(3066, 2, 510, 6, 7853.68),
(3067, 3, 511, 1, 5920.81),
(3068, 3, 511, 2, 190.36),
(3069, 3, 511, 3, 190361.52),
(3070, 3, 511, 4, 296.05),
(3071, 3, 511, 5, 2220.30),
(3072, 3, 511, 6, 7195.44),
(3073, 4, 512, 1, 669866.42),
(3074, 4, 512, 2, 21537.26),
(3075, 4, 512, 3, 21537035.23),
(3076, 4, 512, 4, 33494.10),
(3077, 4, 512, 5, 251199.52),
(3078, 4, 512, 6, 814074.62),
(3079, 1, 513, 1, 4298.70),
(3080, 1, 513, 2, 138.21),
(3081, 1, 513, 3, 138208.53),
(3082, 1, 513, 4, 214.94),
(3083, 1, 513, 5, 1612.01),
(3084, 1, 513, 6, 5224.12),
(3085, 2, 514, 1, 6462.45),
(3086, 2, 514, 2, 207.78),
(3087, 2, 514, 3, 207775.79),
(3088, 2, 514, 4, 323.13),
(3089, 2, 514, 5, 2423.42),
(3090, 2, 514, 6, 7853.68),
(3091, 3, 515, 1, 5920.81),
(3092, 3, 515, 2, 190.36),
(3093, 3, 515, 3, 190361.52),
(3094, 3, 515, 4, 296.05),
(3095, 3, 515, 5, 2220.30),
(3096, 3, 515, 6, 7195.44),
(3097, 4, 516, 1, 669866.42),
(3098, 4, 516, 2, 21537.26),
(3099, 4, 516, 3, 21537035.23),
(3100, 4, 516, 4, 33494.10),
(3101, 4, 516, 5, 251199.52),
(3102, 4, 516, 6, 814074.62),
(3103, 1, 517, 1, 4298.70),
(3104, 1, 517, 2, 138.21),
(3105, 1, 517, 3, 138208.53),
(3106, 1, 517, 4, 214.94),
(3107, 1, 517, 5, 1612.01),
(3108, 1, 517, 6, 5224.12),
(3109, 2, 518, 1, 6462.45),
(3110, 2, 518, 2, 207.78),
(3111, 2, 518, 3, 207775.79),
(3112, 2, 518, 4, 323.13),
(3113, 2, 518, 5, 2423.42),
(3114, 2, 518, 6, 7853.68),
(3115, 3, 519, 1, 5920.81),
(3116, 3, 519, 2, 190.36),
(3117, 3, 519, 3, 190361.52),
(3118, 3, 519, 4, 296.05),
(3119, 3, 519, 5, 2220.30),
(3120, 3, 519, 6, 7195.44),
(3121, 4, 520, 1, 669866.42),
(3122, 4, 520, 2, 21537.26),
(3123, 4, 520, 3, 21537035.23),
(3124, 4, 520, 4, 33494.10),
(3125, 4, 520, 5, 251199.52),
(3126, 4, 520, 6, 814074.62),
(3127, 1, 521, 1, 4298.70),
(3128, 1, 521, 2, 138.21),
(3129, 1, 521, 3, 138208.53),
(3130, 1, 521, 4, 214.94),
(3131, 1, 521, 5, 1612.01),
(3132, 1, 521, 6, 5224.12),
(3133, 2, 522, 1, 6462.45),
(3134, 2, 522, 2, 207.78),
(3135, 2, 522, 3, 207775.79),
(3136, 2, 522, 4, 323.13),
(3137, 2, 522, 5, 2423.42),
(3138, 2, 522, 6, 7853.68),
(3139, 3, 523, 1, 5920.81),
(3140, 3, 523, 2, 190.36),
(3141, 3, 523, 3, 190361.52),
(3142, 3, 523, 4, 296.05),
(3143, 3, 523, 5, 2220.30),
(3144, 3, 523, 6, 7195.44),
(3145, 4, 524, 1, 669866.42),
(3146, 4, 524, 2, 21537.26),
(3147, 4, 524, 3, 21537035.23),
(3148, 4, 524, 4, 33494.10),
(3149, 4, 524, 5, 251199.52),
(3150, 4, 524, 6, 814074.62),
(3151, 1, 525, 1, 4298.70),
(3152, 1, 525, 2, 138.21),
(3153, 1, 525, 3, 138208.53),
(3154, 1, 525, 4, 214.94),
(3155, 1, 525, 5, 1612.01),
(3156, 1, 525, 6, 5224.12),
(3157, 2, 526, 1, 6462.45),
(3158, 2, 526, 2, 207.78),
(3159, 2, 526, 3, 207775.79),
(3160, 2, 526, 4, 323.13),
(3161, 2, 526, 5, 2423.42),
(3162, 2, 526, 6, 7853.68),
(3163, 3, 527, 1, 5920.81),
(3164, 3, 527, 2, 190.36),
(3165, 3, 527, 3, 190361.52),
(3166, 3, 527, 4, 296.05),
(3167, 3, 527, 5, 2220.30),
(3168, 3, 527, 6, 7195.44),
(3169, 4, 528, 1, 669866.42),
(3170, 4, 528, 2, 21537.26),
(3171, 4, 528, 3, 21537035.23),
(3172, 4, 528, 4, 33494.10),
(3173, 4, 528, 5, 251199.52),
(3174, 4, 528, 6, 814074.62),
(3175, 1, 529, 1, 4298.70),
(3176, 1, 529, 2, 138.21),
(3177, 1, 529, 3, 138208.53),
(3178, 1, 529, 4, 214.94),
(3179, 1, 529, 5, 1612.01),
(3180, 1, 529, 6, 5224.12),
(3181, 2, 530, 1, 6462.45),
(3182, 2, 530, 2, 207.78),
(3183, 2, 530, 3, 207775.79),
(3184, 2, 530, 4, 323.13),
(3185, 2, 530, 5, 2423.42),
(3186, 2, 530, 6, 7853.68),
(3187, 3, 531, 1, 5920.81),
(3188, 3, 531, 2, 190.36),
(3189, 3, 531, 3, 190361.52),
(3190, 3, 531, 4, 296.05),
(3191, 3, 531, 5, 2220.30),
(3192, 3, 531, 6, 7195.44),
(3193, 4, 532, 1, 669866.42),
(3194, 4, 532, 2, 21537.26),
(3195, 4, 532, 3, 21537035.23),
(3196, 4, 532, 4, 33494.10),
(3197, 4, 532, 5, 251199.52),
(3198, 4, 532, 6, 814074.62),
(3199, 1, 533, 1, 4298.70),
(3200, 1, 533, 2, 138.21),
(3201, 1, 533, 3, 138208.53),
(3202, 1, 533, 4, 214.94),
(3203, 1, 533, 5, 1612.01),
(3204, 1, 533, 6, 5224.12),
(3205, 2, 534, 1, 6462.45),
(3206, 2, 534, 2, 207.78),
(3207, 2, 534, 3, 207775.79),
(3208, 2, 534, 4, 323.13),
(3209, 2, 534, 5, 2423.42),
(3210, 2, 534, 6, 7853.68),
(3211, 3, 535, 1, 5920.81),
(3212, 3, 535, 2, 190.36),
(3213, 3, 535, 3, 190361.52),
(3214, 3, 535, 4, 296.05),
(3215, 3, 535, 5, 2220.30),
(3216, 3, 535, 6, 7195.44),
(3217, 4, 536, 1, 669866.42),
(3218, 4, 536, 2, 21537.26),
(3219, 4, 536, 3, 21537035.23),
(3220, 4, 536, 4, 33494.10),
(3221, 4, 536, 5, 251199.52),
(3222, 4, 536, 6, 814074.62),
(3223, 1, 537, 1, 4298.70),
(3224, 1, 537, 2, 138.21),
(3225, 1, 537, 3, 138208.53),
(3226, 1, 537, 4, 214.94),
(3227, 1, 537, 5, 1612.01),
(3228, 1, 537, 6, 5224.12),
(3229, 2, 538, 1, 6462.45),
(3230, 2, 538, 2, 207.78),
(3231, 2, 538, 3, 207775.79),
(3232, 2, 538, 4, 323.13),
(3233, 2, 538, 5, 2423.42),
(3234, 2, 538, 6, 7853.68),
(3235, 3, 539, 1, 5920.81),
(3236, 3, 539, 2, 190.36),
(3237, 3, 539, 3, 190361.52),
(3238, 3, 539, 4, 296.05),
(3239, 3, 539, 5, 2220.30),
(3240, 3, 539, 6, 7195.44),
(3241, 4, 540, 1, 669866.42),
(3242, 4, 540, 2, 21537.26),
(3243, 4, 540, 3, 21537035.23),
(3244, 4, 540, 4, 33494.10),
(3245, 4, 540, 5, 251199.52),
(3246, 4, 540, 6, 814074.62),
(3247, 1, 541, 1, 4298.70),
(3248, 1, 541, 2, 138.21),
(3249, 1, 541, 3, 138208.53),
(3250, 1, 541, 4, 214.94),
(3251, 1, 541, 5, 1612.01),
(3252, 1, 541, 6, 5224.12),
(3253, 2, 542, 1, 6462.45),
(3254, 2, 542, 2, 207.78),
(3255, 2, 542, 3, 207775.79),
(3256, 2, 542, 4, 323.13),
(3257, 2, 542, 5, 2423.42),
(3258, 2, 542, 6, 7853.68),
(3259, 3, 543, 1, 5920.81),
(3260, 3, 543, 2, 190.36),
(3261, 3, 543, 3, 190361.52),
(3262, 3, 543, 4, 296.05),
(3263, 3, 543, 5, 2220.30),
(3264, 3, 543, 6, 7195.44),
(3265, 4, 544, 1, 669866.42),
(3266, 4, 544, 2, 21537.26),
(3267, 4, 544, 3, 21537035.23),
(3268, 4, 544, 4, 33494.10),
(3269, 4, 544, 5, 251199.52),
(3270, 4, 544, 6, 814074.62),
(3271, 1, 545, 1, 4298.70),
(3272, 1, 545, 2, 138.21),
(3273, 1, 545, 3, 138208.53),
(3274, 1, 545, 4, 214.94),
(3275, 1, 545, 5, 1612.01),
(3276, 1, 545, 6, 5224.12),
(3277, 2, 546, 1, 6462.45),
(3278, 2, 546, 2, 207.78),
(3279, 2, 546, 3, 207775.79),
(3280, 2, 546, 4, 323.13),
(3281, 2, 546, 5, 2423.42),
(3282, 2, 546, 6, 7853.68),
(3283, 3, 547, 1, 5920.81),
(3284, 3, 547, 2, 190.36),
(3285, 3, 547, 3, 190361.52),
(3286, 3, 547, 4, 296.05),
(3287, 3, 547, 5, 2220.30),
(3288, 3, 547, 6, 7195.44),
(3289, 4, 548, 1, 669866.42),
(3290, 4, 548, 2, 21537.26),
(3291, 4, 548, 3, 21537035.23),
(3292, 4, 548, 4, 33494.10),
(3293, 4, 548, 5, 251199.52),
(3294, 4, 548, 6, 814074.62),
(3295, 1, 549, 1, 4298.70),
(3296, 1, 549, 2, 138.21),
(3297, 1, 549, 3, 138208.53),
(3298, 1, 549, 4, 214.94),
(3299, 1, 549, 5, 1612.01),
(3300, 1, 549, 6, 5224.12),
(3301, 2, 550, 1, 6462.45),
(3302, 2, 550, 2, 207.78),
(3303, 2, 550, 3, 207775.79),
(3304, 2, 550, 4, 323.13),
(3305, 2, 550, 5, 2423.42),
(3306, 2, 550, 6, 7853.68),
(3307, 3, 551, 1, 5920.81),
(3308, 3, 551, 2, 190.36),
(3309, 3, 551, 3, 190361.52),
(3310, 3, 551, 4, 296.05),
(3311, 3, 551, 5, 2220.30),
(3312, 3, 551, 6, 7195.44),
(3313, 4, 552, 1, 669866.42),
(3314, 4, 552, 2, 21537.26),
(3315, 4, 552, 3, 21537035.23),
(3316, 4, 552, 4, 33494.10),
(3317, 4, 552, 5, 251199.52),
(3318, 4, 552, 6, 814074.62),
(3319, 1, 553, 1, 4298.70),
(3320, 1, 553, 2, 138.21),
(3321, 1, 553, 3, 138208.53),
(3322, 1, 553, 4, 214.94),
(3323, 1, 553, 5, 1612.01),
(3324, 1, 553, 6, 5224.12),
(3325, 2, 554, 1, 6462.45),
(3326, 2, 554, 2, 207.78),
(3327, 2, 554, 3, 207775.79),
(3328, 2, 554, 4, 323.13),
(3329, 2, 554, 5, 2423.42),
(3330, 2, 554, 6, 7853.68),
(3331, 3, 555, 1, 5920.81),
(3332, 3, 555, 2, 190.36),
(3333, 3, 555, 3, 190361.52),
(3334, 3, 555, 4, 296.05),
(3335, 3, 555, 5, 2220.30),
(3336, 3, 555, 6, 7195.44),
(3337, 4, 556, 1, 669866.42),
(3338, 4, 556, 2, 21537.26),
(3339, 4, 556, 3, 21537035.23),
(3340, 4, 556, 4, 33494.10),
(3341, 4, 556, 5, 251199.52),
(3342, 4, 556, 6, 814074.62),
(3343, 1, 557, 1, 4298.70),
(3344, 1, 557, 2, 138.21),
(3345, 1, 557, 3, 138208.53),
(3346, 1, 557, 4, 214.94),
(3347, 1, 557, 5, 1612.01),
(3348, 1, 557, 6, 5224.12),
(3349, 2, 558, 1, 6462.45),
(3350, 2, 558, 2, 207.78),
(3351, 2, 558, 3, 207775.79),
(3352, 2, 558, 4, 323.13),
(3353, 2, 558, 5, 2423.42),
(3354, 2, 558, 6, 7853.68),
(3355, 3, 559, 1, 5920.81),
(3356, 3, 559, 2, 190.36),
(3357, 3, 559, 3, 190361.52),
(3358, 3, 559, 4, 296.05),
(3359, 3, 559, 5, 2220.30),
(3360, 3, 559, 6, 7195.44),
(3361, 4, 560, 1, 669866.42),
(3362, 4, 560, 2, 21537.26),
(3363, 4, 560, 3, 21537035.23),
(3364, 4, 560, 4, 33494.10),
(3365, 4, 560, 5, 251199.52),
(3366, 4, 560, 6, 814074.62),
(3367, 1, 561, 1, 4298.70),
(3368, 1, 561, 2, 138.21),
(3369, 1, 561, 3, 138208.53),
(3370, 1, 561, 4, 214.94),
(3371, 1, 561, 5, 1612.01),
(3372, 1, 561, 6, 5224.12),
(3373, 2, 562, 1, 6462.45),
(3374, 2, 562, 2, 207.78),
(3375, 2, 562, 3, 207775.79),
(3376, 2, 562, 4, 323.13),
(3377, 2, 562, 5, 2423.42),
(3378, 2, 562, 6, 7853.68),
(3379, 3, 563, 1, 5920.81),
(3380, 3, 563, 2, 190.36),
(3381, 3, 563, 3, 190361.52),
(3382, 3, 563, 4, 296.05),
(3383, 3, 563, 5, 2220.30),
(3384, 3, 563, 6, 7195.44),
(3385, 4, 564, 1, 669866.42),
(3386, 4, 564, 2, 21537.26),
(3387, 4, 564, 3, 21537035.23),
(3388, 4, 564, 4, 33494.10),
(3389, 4, 564, 5, 251199.52),
(3390, 4, 564, 6, 814074.62),
(3391, 1, 565, 1, 4298.70),
(3392, 1, 565, 2, 138.21),
(3393, 1, 565, 3, 138208.53),
(3394, 1, 565, 4, 214.94),
(3395, 1, 565, 5, 1612.01),
(3396, 1, 565, 6, 5224.12),
(3397, 2, 566, 1, 6462.45),
(3398, 2, 566, 2, 207.78),
(3399, 2, 566, 3, 207775.79),
(3400, 2, 566, 4, 323.13),
(3401, 2, 566, 5, 2423.42),
(3402, 2, 566, 6, 7853.68),
(3403, 3, 567, 1, 5920.81),
(3404, 3, 567, 2, 190.36),
(3405, 3, 567, 3, 190361.52),
(3406, 3, 567, 4, 296.05),
(3407, 3, 567, 5, 2220.30),
(3408, 3, 567, 6, 7195.44),
(3409, 4, 568, 1, 669866.42),
(3410, 4, 568, 2, 21537.26),
(3411, 4, 568, 3, 21537035.23),
(3412, 4, 568, 4, 33494.10),
(3413, 4, 568, 5, 251199.52),
(3414, 4, 568, 6, 814074.62),
(3415, 1, 569, 1, 4303.60),
(3416, 1, 569, 2, 138.36),
(3417, 1, 569, 3, 138366.07),
(3418, 1, 569, 4, 215.18),
(3419, 1, 569, 5, 1613.85),
(3420, 1, 569, 6, 5230.07),
(3421, 2, 570, 1, 6475.41),
(3422, 2, 570, 2, 208.18),
(3423, 2, 570, 3, 208192.51),
(3424, 2, 570, 4, 323.77),
(3425, 2, 570, 5, 2428.28),
(3426, 2, 570, 6, 7869.42),
(3427, 3, 571, 1, 5926.27),
(3428, 3, 571, 2, 190.53),
(3429, 3, 571, 3, 190537.00),
(3430, 3, 571, 4, 296.31),
(3431, 3, 571, 5, 2222.35),
(3432, 3, 571, 6, 7202.07),
(3433, 4, 572, 1, 670875.29),
(3434, 4, 572, 2, 21568.53),
(3435, 4, 572, 3, 21569471.55),
(3436, 4, 572, 4, 33543.76),
(3437, 4, 572, 5, 251578.23),
(3438, 4, 572, 6, 815299.92),
(3439, 1, 573, 1, 4305.00),
(3440, 1, 573, 2, 138.41),
(3441, 1, 573, 3, 138411.09),
(3442, 1, 573, 4, 215.25),
(3443, 1, 573, 5, 1614.38),
(3444, 1, 573, 6, 5231.77),
(3445, 2, 574, 1, 6477.52),
(3446, 2, 574, 2, 208.26),
(3447, 2, 574, 3, 208260.25),
(3448, 2, 574, 4, 323.88),
(3449, 2, 574, 5, 2429.08),
(3450, 2, 574, 6, 7871.98),
(3451, 3, 575, 1, 5927.77),
(3452, 3, 575, 2, 190.58),
(3453, 3, 575, 3, 190585.15),
(3454, 3, 575, 4, 296.39),
(3455, 3, 575, 5, 2222.92),
(3456, 3, 575, 6, 7203.89),
(3457, 4, 576, 1, 671192.55),
(3458, 4, 576, 2, 21579.50),
(3459, 4, 576, 3, 21579673.04),
(3460, 4, 576, 4, 33559.63),
(3461, 4, 576, 5, 251697.99),
(3462, 4, 576, 6, 815685.26),
(3463, 1, 577, 1, 4322.70),
(3464, 1, 577, 2, 138.98),
(3465, 1, 577, 3, 138980.16),
(3466, 1, 577, 4, 216.14),
(3467, 1, 577, 5, 1621.01),
(3468, 1, 577, 6, 5253.28),
(3469, 2, 578, 1, 6498.10),
(3470, 2, 578, 2, 208.92),
(3471, 2, 578, 3, 208921.93),
(3472, 2, 578, 4, 324.91),
(3473, 2, 578, 5, 2436.78),
(3474, 2, 578, 6, 7896.99),
(3475, 3, 579, 1, 5949.55),
(3476, 3, 579, 2, 191.29),
(3477, 3, 579, 3, 191285.34),
(3478, 3, 579, 4, 297.48),
(3479, 3, 579, 5, 2231.08),
(3480, 3, 579, 6, 7230.35),
(3481, 4, 580, 1, 672655.35),
(3482, 4, 580, 2, 21626.68),
(3483, 4, 580, 3, 21626702.70),
(3484, 4, 580, 4, 33633.55),
(3485, 4, 580, 5, 252245.37),
(3486, 4, 580, 6, 817462.90),
(3487, 1, 581, 1, 4325.90),
(3488, 1, 581, 2, 139.08),
(3489, 1, 581, 3, 139083.05),
(3490, 1, 581, 4, 216.30),
(3491, 1, 581, 5, 1622.21),
(3492, 1, 581, 6, 5257.17),
(3493, 2, 582, 1, 6509.40),
(3494, 2, 582, 2, 209.28),
(3495, 2, 582, 3, 209285.22),
(3496, 2, 582, 4, 325.48),
(3497, 2, 582, 5, 2441.02),
(3498, 2, 582, 6, 7910.73),
(3499, 3, 583, 1, 5955.25),
(3500, 3, 583, 2, 191.46),
(3501, 3, 583, 3, 191468.68),
(3502, 3, 583, 4, 297.77),
(3503, 3, 583, 5, 2233.22),
(3504, 3, 583, 6, 7237.28),
(3505, 4, 584, 1, 672361.66),
(3506, 4, 584, 2, 21616.79),
(3507, 4, 584, 3, 21617261.21),
(3508, 4, 584, 4, 33618.86),
(3509, 4, 584, 5, 252135.23),
(3510, 4, 584, 6, 817106.16),
(3511, 1, 585, 1, 4325.20),
(3512, 1, 585, 2, 139.06),
(3513, 1, 585, 3, 139060.54),
(3514, 1, 585, 4, 216.26),
(3515, 1, 585, 5, 1621.95),
(3516, 1, 585, 6, 5256.32),
(3517, 2, 586, 1, 6510.07),
(3518, 2, 586, 2, 209.31),
(3519, 2, 586, 3, 209306.97),
(3520, 2, 586, 4, 325.50),
(3521, 2, 586, 5, 2441.28),
(3522, 2, 586, 6, 7911.55),
(3523, 3, 587, 1, 5956.02),
(3524, 3, 587, 2, 191.49),
(3525, 3, 587, 3, 191493.32),
(3526, 3, 587, 4, 297.80),
(3527, 3, 587, 5, 2233.51),
(3528, 3, 587, 6, 7238.22),
(3529, 4, 588, 1, 672166.36),
(3530, 4, 588, 2, 21610.90),
(3531, 4, 588, 3, 21610981.34),
(3532, 4, 588, 4, 33608.32),
(3533, 4, 588, 5, 252062.38),
(3534, 4, 588, 6, 816868.92),
(3535, 1, 589, 1, 4325.20),
(3536, 1, 589, 2, 139.06),
(3537, 1, 589, 3, 139060.54),
(3538, 1, 589, 4, 216.26),
(3539, 1, 589, 5, 1621.95),
(3540, 1, 589, 6, 5256.32),
(3541, 2, 590, 1, 6510.07),
(3542, 2, 590, 2, 209.31),
(3543, 2, 590, 3, 209306.97),
(3544, 2, 590, 4, 325.50),
(3545, 2, 590, 5, 2441.28),
(3546, 2, 590, 6, 7911.55),
(3547, 3, 591, 1, 5955.15),
(3548, 3, 591, 2, 191.46),
(3549, 3, 591, 3, 191465.50),
(3550, 3, 591, 4, 297.76),
(3551, 3, 591, 5, 2233.18),
(3552, 3, 591, 6, 7237.16),
(3553, 4, 592, 1, 671517.58),
(3554, 4, 592, 2, 21590.04),
(3555, 4, 592, 3, 21590122.26),
(3556, 4, 592, 4, 33575.88),
(3557, 4, 592, 5, 251819.09),
(3558, 4, 592, 6, 816080.47),
(3559, 1, 593, 1, 4342.20),
(3560, 1, 593, 2, 139.60),
(3561, 1, 593, 3, 139607.11),
(3562, 1, 593, 4, 217.11),
(3563, 1, 593, 5, 1628.33),
(3564, 1, 593, 6, 5276.98),
(3565, 2, 594, 1, 6534.79),
(3566, 2, 594, 2, 210.09),
(3567, 2, 594, 3, 210101.72),
(3568, 2, 594, 4, 326.74),
(3569, 2, 594, 5, 2450.56),
(3570, 2, 594, 6, 7941.59),
(3571, 3, 595, 1, 5978.12),
(3572, 3, 595, 2, 192.19),
(3573, 3, 595, 3, 192204.09),
(3574, 3, 595, 4, 298.91),
(3575, 3, 595, 5, 2241.80),
(3576, 3, 595, 6, 7265.08),
(3577, 4, 596, 1, 673279.82),
(3578, 4, 596, 2, 21645.68),
(3579, 4, 596, 3, 21646780.44),
(3580, 4, 596, 4, 33663.99),
(3581, 4, 596, 5, 252480.71),
(3582, 4, 596, 6, 818222.13),
(3583, 1, 597, 1, 4343.70),
(3584, 1, 597, 2, 139.65),
(3585, 1, 597, 3, 139655.34),
(3586, 1, 597, 4, 217.19),
(3587, 1, 597, 5, 1628.89),
(3588, 1, 597, 6, 5278.80),
(3589, 2, 598, 1, 6534.88),
(3590, 2, 598, 2, 210.10),
(3591, 2, 598, 3, 210104.48),
(3592, 2, 598, 4, 326.75),
(3593, 2, 598, 5, 2450.58),
(3594, 2, 598, 6, 7941.69),
(3595, 3, 599, 1, 5979.75),
(3596, 3, 599, 2, 192.25),
(3597, 3, 599, 3, 192256.52),
(3598, 3, 599, 4, 298.99),
(3599, 3, 599, 5, 2242.41),
(3600, 3, 599, 6, 7267.06),
(3601, 4, 600, 1, 673555.84),
(3602, 4, 600, 2, 21654.83),
(3603, 4, 600, 3, 21655655.30),
(3604, 4, 600, 4, 33678.57),
(3605, 4, 600, 5, 252583.83),
(3606, 4, 600, 6, 818557.12),
(3607, 1, 601, 1, 4340.00),
(3608, 1, 601, 2, 139.53),
(3609, 1, 601, 3, 139536.38),
(3610, 1, 601, 4, 217.00),
(3611, 1, 601, 5, 1627.50),
(3612, 1, 601, 6, 5274.31),
(3613, 2, 602, 1, 6529.75),
(3614, 2, 602, 2, 209.93),
(3615, 2, 602, 3, 209939.46),
(3616, 2, 602, 4, 326.49),
(3617, 2, 602, 5, 2448.66),
(3618, 2, 602, 6, 7935.46),
(3619, 3, 603, 1, 5973.79),
(3620, 3, 603, 2, 192.06),
(3621, 3, 603, 3, 192064.85),
(3622, 3, 603, 4, 298.69),
(3623, 3, 603, 5, 2240.17),
(3624, 3, 603, 6, 7259.82),
(3625, 4, 604, 1, 673763.30),
(3626, 4, 604, 2, 21661.33),
(3627, 4, 604, 3, 21662325.31),
(3628, 4, 604, 4, 33688.17),
(3629, 4, 604, 5, 252661.24),
(3630, 4, 604, 6, 818810.26);

-- --------------------------------------------------------

--
-- Table structure for table `units`
--

CREATE TABLE `units` (
  `unit_id` int NOT NULL,
  `unit_name` varchar(20) NOT NULL
) ENGINE=InnoDB DEFAULT CHARSET=utf8mb4 COLLATE=utf8mb4_0900_ai_ci;

--
-- Dumping data for table `units`
--

INSERT INTO `units` (`unit_id`, `unit_name`) VALUES
(2, 'Gram'),
(3, 'Kilo'),
(1, 'Ounce'),
(4, 'Pennyweight'),
(6, 'Tael'),
(5, 'Tola');

--
-- Indexes for dumped tables
--

--
-- Indexes for table `currencies`
--
ALTER TABLE `currencies`
  ADD PRIMARY KEY (`currency_id`),
  ADD UNIQUE KEY `currency_code` (`currency_code`);

--
-- Indexes for table `gold_prices`
--
ALTER TABLE `gold_prices`
  ADD PRIMARY KEY (`gold_id`),
  ADD KEY `currency_id` (`currency_id`);

--
-- Indexes for table `gold_unit_prices`
--
ALTER TABLE `gold_unit_prices`
  ADD PRIMARY KEY (`id`),
  ADD KEY `gold_id` (`gold_id`),
  ADD KEY `unit_id` (`unit_id`),
  ADD KEY `fk_gold_unit_prices_currency` (`currency_id`);

--
-- Indexes for table `units`
--
ALTER TABLE `units`
  ADD PRIMARY KEY (`unit_id`),
  ADD UNIQUE KEY `unit_name` (`unit_name`);

--
-- AUTO_INCREMENT for dumped tables
--

--
-- AUTO_INCREMENT for table `currencies`
--
ALTER TABLE `currencies`
  MODIFY `currency_id` int NOT NULL AUTO_INCREMENT, AUTO_INCREMENT=5;

--
-- AUTO_INCREMENT for table `gold_prices`
--
ALTER TABLE `gold_prices`
  MODIFY `gold_id` int NOT NULL AUTO_INCREMENT, AUTO_INCREMENT=605;

--
-- AUTO_INCREMENT for table `gold_unit_prices`
--
ALTER TABLE `gold_unit_prices`
  MODIFY `id` int NOT NULL AUTO_INCREMENT, AUTO_INCREMENT=3631;

--
-- AUTO_INCREMENT for table `units`
--
ALTER TABLE `units`
  MODIFY `unit_id` int NOT NULL AUTO_INCREMENT, AUTO_INCREMENT=7;

--
-- Constraints for dumped tables
--

--
-- Constraints for table `gold_prices`
--
ALTER TABLE `gold_prices`
  ADD CONSTRAINT `gold_prices_ibfk_1` FOREIGN KEY (`currency_id`) REFERENCES `currencies` (`currency_id`);

--
-- Constraints for table `gold_unit_prices`
--
ALTER TABLE `gold_unit_prices`
  ADD CONSTRAINT `fk_gold_unit_prices_currency` FOREIGN KEY (`currency_id`) REFERENCES `currencies` (`currency_id`),
  ADD CONSTRAINT `gold_unit_prices_ibfk_1` FOREIGN KEY (`gold_id`) REFERENCES `gold_prices` (`gold_id`),
  ADD CONSTRAINT `gold_unit_prices_ibfk_2` FOREIGN KEY (`unit_id`) REFERENCES `units` (`unit_id`);
COMMIT;

/*!40101 SET CHARACTER_SET_CLIENT=@OLD_CHARACTER_SET_CLIENT */;
/*!40101 SET CHARACTER_SET_RESULTS=@OLD_CHARACTER_SET_RESULTS */;
/*!40101 SET COLLATION_CONNECTION=@OLD_COLLATION_CONNECTION */;
